{"stats":{"minecraft:broken":{"minecraft:wooden_axe":2,"minecraft:stone_shovel":2,"minecraft:stone_axe":5},"minecraft:crafted":{"minecraft:stone_shovel":2,"biomesoplenty:jacaranda_planks":36,"minecraft:crafting_table":1,"minecraft:stick":4,"minecraft:cooked_chicken":6,"minecraft:wooden_pickaxe":1,"minecraft:wooden_axe":2,"minecraft:stone_sword":1,"minecraft:chest":2,"minecraft:furnace":1,"minecraft:stone_hoe":1,"minecraft:stone_axe":6},"minecraft:mined":{"biomesoplenty:jacaranda_leaves":8,"biomesoplenty:jacaranda_log":701,"biomesoplenty:tall_lavender":8,"botania:red_mystical_flower":5,"biomesoplenty:lavender":55,"minecraft:yellow_bed":1,"minecraft:crafting_table":2,"minecraft:grass":697,"minecraft:grass_block":275,"minecraft:oak_log":81,"minecraft:dirt":19,"minecraft:tall_grass":62,"minecraft:stone":40,"minecraft:sugar_cane":1,"minecraft:oak_leaves":9},"minecraft:used":{"minecraft:wheat_seeds":70,"minecraft:wooden_axe":127,"minecraft:apple":10,"minecraft:stone_sword":537,"minecraft:stone_shovel":296,"minecraft:chest":2,"minecraft:wooden_pickaxe":40,"minecraft:stone_hoe":72,"minecraft:cooked_chicken":2,"minecraft:stone_axe":823,"minecraft:dirt":219,"minecraft:crafting_table":3,"minecraft:furnace":1,"minecraft:yellow_bed":1},"minecraft:killed":{"minecraft:chicken":6},"minecraft:picked_up":{"biomesoplenty:lavender":57,"minecraft:feather":5,"minecraft:stick":296,"minecraft:crafting_table":2,"botania:red_mystical_flower":5,"minecraft:chicken":6,"biomesoplenty:jacaranda_sapling":423,"minecraft:oak_log":80,"minecraft:yellow_bed":1,"minecraft:dirt":291,"biomesoplenty:flowering_oak_sapling":17,"biomesoplenty:tall_lavender":6,"minecraft:apple":10,"biomesoplenty:jacaranda_log":671,"minecraft:wheat_seeds":92,"minecraft:oak_sapling":38,"minecraft:sugar_cane":2,"minecraft:cobblestone":40,"minecraft:egg":3},"minecraft:custom":{"minecraft:time_since_rest":52793,"minecraft:interact_with_furnace":3,"minecraft:sprint_one_cm":287285,"minecraft:damage_taken":30,"minecraft:walk_one_cm":107090,"minecraft:mob_kills":6,"minecraft:damage_dealt":240,"minecraft:interact_with_crafting_table":10,"minecraft:swim_one_cm":26007,"minecraft:fly_one_cm":49527,"minecraft:open_chest":4,"minecraft:play_time":52793,"minecraft:sneak_time":68,"minecraft:walk_under_water_one_cm":1561,"minecraft:jump":307,"minecraft:walk_on_water_one_cm":22937,"minecraft:time_since_death":52793,"minecraft:total_world_time":52793,"minecraft:fall_one_cm":5577}},"DataVersion":3465}