{"stats":{"minecraft:broken":{"minecraft:wooden_axe":2,"minecraft:stone_shovel":5,"minecraft:stone_axe":5,"minecraft:wooden_pickaxe":1},"minecraft:crafted":{"minecraft:stone_shovel":6,"biomesoplenty:jacaranda_planks":36,"minecraft:crafting_table":1,"minecraft:stick":4,"minecraft:cooked_chicken":6,"minecraft:wooden_pickaxe":1,"minecraft:wooden_axe":2,"minecraft:stone_sword":1,"minecraft:chest":2,"minecraft:furnace":1,"minecraft:stone_hoe":1,"minecraft:stone_axe":6},"minecraft:mined":{"biomesoplenty:jacaranda_leaves":8,"biomesoplenty:jacaranda_log":702,"biomesoplenty:tall_lavender":8,"botania:red_mystical_flower":5,"biomesoplenty:lavender":57,"minecraft:yellow_bed":1,"minecraft:crafting_table":2,"minecraft:grass":710,"minecraft:grass_block":769,"minecraft:oak_log":81,"minecraft:sand":9,"minecraft:gravel":5,"minecraft:dirt":32,"minecraft:tall_grass":62,"minecraft:stone":53,"minecraft:sugar_cane":1,"minecraft:oak_leaves":9},"minecraft:used":{"minecraft:wheat_seeds":70,"minecraft:wooden_axe":127,"minecraft:apple":10,"minecraft:stone_sword":543,"minecraft:stone_shovel":821,"minecraft:chest":2,"minecraft:wooden_pickaxe":59,"minecraft:stone_hoe":72,"minecraft:cooked_chicken":4,"minecraft:stone_axe":827,"minecraft:dirt":232,"minecraft:crafting_table":3,"minecraft:furnace":1,"minecraft:yellow_bed":1},"minecraft:killed":{"minecraft:chicken":6,"minecraft:cow":2},"minecraft:picked_up":{"biomesoplenty:lavender":65,"minecraft:feather":5,"minecraft:stick":305,"minecraft:crafting_table":2,"botania:red_mystical_flower":5,"minecraft:chicken":6,"minecraft:leather":4,"minecraft:dandelion":7,"minecraft:gravel":5,"biomesoplenty:jacaranda_sapling":446,"minecraft:sand":9,"minecraft:oak_log":80,"minecraft:yellow_bed":1,"minecraft:cornflower":1,"minecraft:dirt":788,"biomesoplenty:flowering_oak_sapling":17,"biomesoplenty:tall_lavender":6,"minecraft:apple":10,"biomesoplenty:jacaranda_log":689,"minecraft:wheat_seeds":101,"minecraft:beef":5,"minecraft:oak_sapling":38,"minecraft:sugar_cane":2,"minecraft:cobblestone":53,"minecraft:egg":3},"minecraft:custom":{"minecraft:time_since_rest":64793,"minecraft:interact_with_furnace":4,"minecraft:sprint_one_cm":328891,"minecraft:damage_taken":30,"minecraft:walk_one_cm":125253,"minecraft:mob_kills":8,"minecraft:damage_dealt":440,"minecraft:interact_with_crafting_table":12,"minecraft:swim_one_cm":26007,"minecraft:fly_one_cm":61253,"minecraft:open_chest":5,"minecraft:play_time":64793,"minecraft:sneak_time":68,"minecraft:walk_under_water_one_cm":1561,"minecraft:jump":373,"minecraft:walk_on_water_one_cm":23610,"minecraft:time_since_death":64793,"minecraft:total_world_time":64793,"minecraft:fall_one_cm":5786}},"DataVersion":3465}