{"stats":{"minecraft:broken":{"minecraft:wooden_axe":1},"minecraft:crafted":{"biomesoplenty:jacaranda_planks":36,"minecraft:crafting_table":1,"minecraft:stick":4,"minecraft:wooden_pickaxe":1,"minecraft:wooden_axe":2,"minecraft:stone_sword":1,"minecraft:furnace":1,"minecraft:stone_axe":1},"minecraft:mined":{"biomesoplenty:jacaranda_leaves":1,"biomesoplenty:jacaranda_log":35,"botania:red_mystical_flower":5,"minecraft:yellow_bed":1,"minecraft:crafting_table":2,"minecraft:grass":4,"minecraft:grass_block":3,"minecraft:oak_log":77,"minecraft:dirt":1,"minecraft:stone":40,"minecraft:oak_leaves":9},"minecraft:used":{"minecraft:wooden_axe":121,"minecraft:apple":4,"minecraft:stone_sword":9,"minecraft:wooden_pickaxe":40,"minecraft:crafting_table":2},"minecraft:killed":{"minecraft:chicken":4},"minecraft:picked_up":{"minecraft:feather":3,"minecraft:stick":33,"minecraft:crafting_table":2,"botania:red_mystical_flower":5,"minecraft:chicken":4,"biomesoplenty:jacaranda_sapling":16,"minecraft:oak_log":76,"minecraft:yellow_bed":1,"minecraft:dirt":4,"biomesoplenty:flowering_oak_sapling":16,"minecraft:apple":10,"biomesoplenty:jacaranda_log":27,"minecraft:oak_sapling":32,"minecraft:cobblestone":40,"minecraft:egg":2},"minecraft:custom":{"minecraft:time_since_rest":16793,"minecraft:sprint_one_cm":104418,"minecraft:damage_taken":30,"minecraft:walk_one_cm":20752,"minecraft:mob_kills":4,"minecraft:damage_dealt":160,"minecraft:interact_with_crafting_table":3,"minecraft:swim_one_cm":18142,"minecraft:fly_one_cm":28300,"minecraft:open_chest":1,"minecraft:play_time":16793,"minecraft:sneak_time":55,"minecraft:walk_under_water_one_cm":309,"minecraft:jump":186,"minecraft:walk_on_water_one_cm":3428,"minecraft:time_since_death":16793,"minecraft:total_world_time":16793,"minecraft:fall_one_cm":4532}},"DataVersion":3465}