{"stats":{"minecraft:broken":{"minecraft:wooden_axe":2,"minecraft:stone_axe":2},"minecraft:crafted":{"minecraft:stone_shovel":2,"biomesoplenty:jacaranda_planks":36,"minecraft:crafting_table":1,"minecraft:stick":4,"minecraft:cooked_chicken":6,"minecraft:wooden_pickaxe":1,"minecraft:wooden_axe":2,"minecraft:stone_sword":1,"minecraft:furnace":1,"minecraft:stone_axe":3},"minecraft:mined":{"biomesoplenty:jacaranda_leaves":2,"biomesoplenty:jacaranda_log":337,"biomesoplenty:tall_lavender":3,"botania:red_mystical_flower":5,"biomesoplenty:lavender":27,"minecraft:yellow_bed":1,"minecraft:crafting_table":2,"minecraft:grass":253,"minecraft:grass_block":81,"minecraft:oak_log":77,"minecraft:dirt":2,"minecraft:tall_grass":34,"minecraft:stone":40,"minecraft:sugar_cane":1,"minecraft:oak_leaves":9},"minecraft:used":{"minecraft:wooden_axe":127,"minecraft:apple":8,"minecraft:stone_sword":203,"minecraft:stone_shovel":80,"minecraft:wooden_pickaxe":40,"minecraft:cooked_chicken":1,"minecraft:stone_axe":431,"minecraft:crafting_table":3,"minecraft:furnace":1,"minecraft:yellow_bed":1},"minecraft:killed":{"minecraft:chicken":6},"minecraft:picked_up":{"biomesoplenty:lavender":28,"minecraft:feather":5,"minecraft:stick":159,"minecraft:crafting_table":2,"botania:red_mystical_flower":5,"minecraft:chicken":6,"biomesoplenty:jacaranda_sapling":213,"minecraft:oak_log":76,"minecraft:yellow_bed":1,"minecraft:dirt":63,"biomesoplenty:flowering_oak_sapling":16,"biomesoplenty:tall_lavender":3,"minecraft:apple":10,"biomesoplenty:jacaranda_log":325,"minecraft:wheat_seeds":40,"minecraft:oak_sapling":32,"minecraft:sugar_cane":2,"minecraft:cobblestone":40,"minecraft:egg":2},"minecraft:custom":{"minecraft:time_since_rest":28793,"minecraft:interact_with_furnace":3,"minecraft:sprint_one_cm":183305,"minecraft:damage_taken":30,"minecraft:walk_one_cm":49154,"minecraft:mob_kills":6,"minecraft:damage_dealt":240,"minecraft:interact_with_crafting_table":5,"minecraft:swim_one_cm":24436,"minecraft:fly_one_cm":40867,"minecraft:open_chest":1,"minecraft:play_time":28793,"minecraft:sneak_time":55,"minecraft:walk_under_water_one_cm":639,"minecraft:jump":254,"minecraft:walk_on_water_one_cm":16564,"minecraft:time_since_death":28793,"minecraft:total_world_time":28793,"minecraft:fall_one_cm":5159}},"DataVersion":3465}