{"stats":{"minecraft:broken":{"minecraft:iron_axe":1,"minecraft:stone_axe":8,"minecraft:wooden_axe":2,"minecraft:stone_shovel":7,"minecraft:wooden_pickaxe":1},"minecraft:crafted":{"minecraft:cooked_beef":9,"minecraft:stone_shovel":7,"biomesoplenty:jacaranda_planks":932,"minecraft:crafting_table":1,"biomesoplenty:redwood_fence":144,"biomesoplenty:redwood_planks":256,"minecraft:iron_helmet":1,"minecraft:wooden_pickaxe":1,"minecraft:cooked_chicken":6,"biomesoplenty:redwood_fence_gate":2,"minecraft:furnace":1,"biomesoplenty:jacaranda_wood":501,"minecraft:stone_axe":8,"minecraft:bread":17,"minecraft:cooked_mutton":5,"biomesoplenty:jacaranda_slab":12,"minecraft:glass_pane":160,"minecraft:glass":64,"biomesoplenty:redwood_boat":1,"minecraft:iron_boots":1,"minecraft:iron_chestplate":1,"minecraft:charcoal":33,"minecraft:iron_axe":1,"minecraft:stick":4,"minecraft:iron_ingot":34,"minecraft:stone_pickaxe":2,"minecraft:wooden_axe":2,"minecraft:stone_sword":1,"minecraft:chest":4,"minecraft:iron_shovel":1,"minecraft:torch":76,"minecraft:stone_hoe":1,"biomesoplenty:jacaranda_stairs":16},"minecraft:mined":{"botania:magenta_mushroom":1,"biomesoplenty:jacaranda_leaves":15,"biomesoplenty:jacaranda_planks":27,"botania:red_mystical_flower":5,"farmersdelight:wild_carrots":10,"biomesoplenty:redwood_fence_gate":2,"minecraft:crafting_table":2,"minecraft:torch":7,"minecraft:granite":2,"minecraft:grass_block":778,"biomesoplenty:jacaranda_stairs":1,"botania:brown_mushroom":1,"minecraft:tall_grass":62,"minecraft:sugar_cane":7,"minecraft:wall_torch":2,"minecraft:diorite":1,"minecraft:tall_seagrass":1,"minecraft:seagrass":6,"biomesoplenty:jacaranda_log":1030,"biomesoplenty:tall_lavender":9,"minecraft:iron_ore":34,"minecraft:wheat":75,"biomesoplenty:lavender":58,"biomesoplenty:redwood_fence":2,"minecraft:yellow_bed":1,"minecraft:grass":724,"minecraft:coal_ore":32,"minecraft:oak_log":81,"minecraft:gravel":5,"minecraft:sand":274,"minecraft:dirt":49,"minecraft:stone":114,"biomesoplenty:jacaranda_wood":70,"biomesoplenty:redwood_wood":211,"minecraft:oak_leaves":9},"minecraft:used":{"minecraft:wheat_seeds":141,"minecraft:stone_sword":578,"minecraft:iron_shovel":121,"biomesoplenty:redwood_fence_gate":4,"minecraft:stone_pickaxe":133,"minecraft:stone_shovel":970,"minecraft:chest":4,"minecraft:wooden_pickaxe":59,"minecraft:sugar_cane":9,"minecraft:stone_hoe":72,"minecraft:cooked_chicken":6,"minecraft:torch":84,"minecraft:sand":12,"minecraft:dirt":375,"minecraft:crafting_table":3,"biomesoplenty:redwood_fence":78,"minecraft:carrot":5,"biomesoplenty:jacaranda_slab":6,"biomesoplenty:jacaranda_planks":723,"minecraft:wooden_axe":127,"minecraft:apple":10,"minecraft:bread":11,"biomesoplenty:redwood_wood":2,"minecraft:iron_axe":260,"biomesoplenty:jacaranda_wood":570,"biomesoplenty:tall_lavender":1,"biomesoplenty:redwood_boat":1,"biomesoplenty:jacaranda_stairs":15,"minecraft:stone_axe":1224,"biomesoplenty:jacaranda_sapling":64,"minecraft:furnace":1,"minecraft:glass_pane":12,"minecraft:yellow_bed":1,"minecraft:cooked_beef":5},"minecraft:killed":{"minecraft:skeleton":1,"minecraft:sheep":3,"minecraft:chicken":6,"alexsmobs:crow":2,"minecraft:cow":4},"minecraft:picked_up":{"biomesoplenty:lavender":66,"minecraft:crafting_table":2,"minecraft:wheat":66,"minecraft:feather":6,"minecraft:chicken":6,"minecraft:leather":7,"biomesoplenty:jacaranda_sapling":616,"minecraft:oak_log":80,"minecraft:yellow_bed":1,"biomesoplenty:jacaranda_planks":27,"botania:magenta_mushroom":1,"minecraft:cornflower":1,"minecraft:dirt":818,"biomesoplenty:tall_lavender":7,"minecraft:bone":1,"minecraft:apple":10,"biomesoplenty:jacaranda_slab":1,"biomesoplenty:redwood_fence_gate":2,"minecraft:wheat_seeds":287,"minecraft:beef":9,"biomesoplenty:redwood_wood":206,"minecraft:sugar_cane":15,"biomesoplenty:jacaranda_wood":70,"minecraft:egg":3,"minecraft:stick":391,"minecraft:raw_iron":34,"botania:red_mystical_flower":5,"minecraft:torch":12,"minecraft:dandelion":7,"minecraft:gravel":5,"minecraft:sand":272,"minecraft:diorite":1,"minecraft:carrot":10,"biomesoplenty:flowering_oak_sapling":17,"minecraft:arrow":1,"minecraft:stone_shovel":1,"biomesoplenty:jacaranda_log":998,"biomesoplenty:redwood_fence":2,"biomesoplenty:jacaranda_stairs":1,"minecraft:granite":3,"minecraft:gray_wool":1,"biomesoplenty:redwood_sapling":21,"minecraft:oak_sapling":38,"botania:brown_mushroom":1,"minecraft:coal":32,"minecraft:mutton":5,"minecraft:white_wool":2,"minecraft:cobblestone":111},"minecraft:dropped":{"minecraft:stone_shovel":1,"biomesoplenty:jacaranda_wood":1,"biomesoplenty:jacaranda_slab":1},"minecraft:custom":{"minecraft:interact_with_furnace":28,"minecraft:mob_kills":16,"minecraft:animals_bred":4,"minecraft:interact_with_crafting_table":38,"minecraft:time_since_death":202793,"minecraft:sleep_in_bed":1,"minecraft:time_since_rest":34562,"minecraft:sprint_one_cm":873049,"minecraft:damage_taken":453,"minecraft:walk_one_cm":405215,"minecraft:drop":3,"minecraft:damage_dealt":1330,"minecraft:swim_one_cm":60122,"minecraft:fly_one_cm":148057,"minecraft:open_chest":43,"minecraft:crouch_one_cm":15132,"minecraft:play_time":202793,"tombstone:undead_killed":1,"minecraft:sneak_time":3372,"minecraft:walk_under_water_one_cm":8622,"minecraft:boat_one_cm":72540,"minecraft:jump":1088,"minecraft:walk_on_water_one_cm":45889,"minecraft:total_world_time":202793,"minecraft:fall_one_cm":18021}},"DataVersion":3465}