{"stats":{"minecraft:broken":{"minecraft:stone_axe":5,"minecraft:wooden_axe":2,"minecraft:stone_shovel":5,"minecraft:wooden_pickaxe":1},"minecraft:crafted":{"minecraft:cooked_beef":9,"minecraft:stone_shovel":6,"biomesoplenty:jacaranda_planks":932,"minecraft:crafting_table":1,"minecraft:iron_helmet":1,"minecraft:wooden_pickaxe":1,"minecraft:cooked_chicken":6,"minecraft:furnace":1,"biomesoplenty:jacaranda_wood":270,"minecraft:stone_axe":6,"minecraft:bread":17,"minecraft:cooked_mutton":5,"biomesoplenty:jacaranda_slab":12,"minecraft:iron_boots":1,"minecraft:iron_chestplate":1,"minecraft:charcoal":33,"minecraft:iron_axe":1,"minecraft:stick":4,"minecraft:iron_ingot":34,"minecraft:stone_pickaxe":2,"minecraft:wooden_axe":2,"minecraft:stone_sword":1,"minecraft:chest":2,"minecraft:torch":76,"minecraft:stone_hoe":1,"biomesoplenty:jacaranda_stairs":16},"minecraft:mined":{"botania:magenta_mushroom":1,"biomesoplenty:jacaranda_leaves":8,"biomesoplenty:jacaranda_planks":27,"botania:red_mystical_flower":5,"minecraft:crafting_table":2,"minecraft:torch":1,"minecraft:granite":2,"minecraft:grass_block":776,"biomesoplenty:jacaranda_stairs":1,"botania:brown_mushroom":1,"minecraft:tall_grass":62,"minecraft:sugar_cane":1,"minecraft:wall_torch":1,"minecraft:diorite":1,"biomesoplenty:jacaranda_log":702,"biomesoplenty:tall_lavender":9,"minecraft:iron_ore":34,"minecraft:wheat":62,"biomesoplenty:lavender":57,"minecraft:yellow_bed":1,"minecraft:grass":717,"minecraft:coal_ore":32,"minecraft:oak_log":81,"minecraft:gravel":5,"minecraft:sand":9,"minecraft:dirt":44,"minecraft:stone":114,"biomesoplenty:jacaranda_wood":61,"biomesoplenty:redwood_wood":211,"minecraft:oak_leaves":9},"minecraft:used":{"minecraft:wheat_seeds":78,"minecraft:stone_sword":567,"minecraft:stone_pickaxe":132,"minecraft:stone_shovel":821,"minecraft:chest":2,"minecraft:wooden_pickaxe":59,"minecraft:stone_hoe":72,"minecraft:cooked_chicken":6,"minecraft:torch":64,"minecraft:dirt":348,"minecraft:crafting_table":3,"biomesoplenty:jacaranda_slab":6,"biomesoplenty:jacaranda_planks":723,"minecraft:wooden_axe":127,"minecraft:apple":10,"biomesoplenty:redwood_wood":2,"minecraft:iron_axe":211,"biomesoplenty:jacaranda_wood":297,"biomesoplenty:tall_lavender":1,"biomesoplenty:jacaranda_stairs":15,"minecraft:stone_axe":914,"biomesoplenty:jacaranda_sapling":64,"minecraft:furnace":1,"minecraft:yellow_bed":1,"minecraft:cooked_beef":5},"minecraft:killed":{"minecraft:skeleton":1,"minecraft:sheep":3,"minecraft:chicken":6,"alexsmobs:crow":2,"minecraft:cow":4},"minecraft:picked_up":{"biomesoplenty:lavender":65,"minecraft:crafting_table":2,"minecraft:wheat":53,"minecraft:feather":6,"minecraft:chicken":6,"minecraft:leather":7,"biomesoplenty:jacaranda_sapling":446,"minecraft:oak_log":80,"minecraft:yellow_bed":1,"biomesoplenty:jacaranda_planks":27,"botania:magenta_mushroom":1,"minecraft:cornflower":1,"minecraft:dirt":811,"biomesoplenty:tall_lavender":7,"minecraft:bone":1,"minecraft:apple":10,"biomesoplenty:jacaranda_slab":1,"minecraft:wheat_seeds":251,"minecraft:beef":9,"biomesoplenty:redwood_wood":206,"minecraft:sugar_cane":2,"biomesoplenty:jacaranda_wood":62,"minecraft:egg":3,"minecraft:stick":315,"minecraft:raw_iron":34,"botania:red_mystical_flower":5,"minecraft:torch":3,"minecraft:dandelion":7,"minecraft:gravel":5,"minecraft:sand":9,"minecraft:diorite":1,"biomesoplenty:flowering_oak_sapling":17,"minecraft:arrow":1,"biomesoplenty:jacaranda_log":689,"biomesoplenty:jacaranda_stairs":1,"minecraft:granite":3,"minecraft:gray_wool":1,"biomesoplenty:redwood_sapling":21,"minecraft:oak_sapling":38,"botania:brown_mushroom":1,"minecraft:coal":32,"minecraft:mutton":5,"minecraft:white_wool":2,"minecraft:cobblestone":111},"minecraft:dropped":{"biomesoplenty:jacaranda_wood":1,"biomesoplenty:jacaranda_slab":1},"minecraft:custom":{"minecraft:interact_with_furnace":23,"minecraft:mob_kills":16,"minecraft:interact_with_crafting_table":30,"minecraft:time_since_death":142793,"minecraft:time_since_rest":142793,"minecraft:sprint_one_cm":612317,"minecraft:damage_taken":240,"minecraft:walk_one_cm":265159,"minecraft:drop":2,"minecraft:damage_dealt":1330,"minecraft:swim_one_cm":31959,"minecraft:fly_one_cm":118211,"minecraft:open_chest":29,"minecraft:crouch_one_cm":11321,"minecraft:play_time":142793,"tombstone:undead_killed":1,"minecraft:sneak_time":2494,"minecraft:walk_under_water_one_cm":2175,"minecraft:jump":814,"minecraft:walk_on_water_one_cm":26458,"minecraft:total_world_time":142793,"minecraft:fall_one_cm":12660}},"DataVersion":3465}