{"stats":{"minecraft:mined":{"botania:magenta_mushroom":1,"minecraft:large_amethyst_bud":2,"minecraft:tuff":89,"minecraft:mossy_cobblestone":3,"minecraft:deepslate_diamond_ore":3,"botania:red_mystical_flower":5,"farmersdelight:wild_carrots":10,"biomesoplenty:jacaranda_fence":3,"minecraft:granite":6,"minecraft:grass_block":1052,"biomesoplenty:flowering_oak_leaves":66,"biomesoplenty:jacaranda_stairs":1,"botania:light_gray_mystical_flower":2,"biomesoplenty:dune_grass":27,"minecraft:large_fern":1,"minecraft:tall_seagrass":1,"biomesoplenty:jacaranda_log":1328,"biomesoplenty:tall_lavender":9,"minecraft:carrots":25,"minecraft:furnace":3,"minecraft:iron_ore":86,"minecraft:cobbled_deepslate":1,"biomesoplenty:lavender":60,"minecraft:andesite":2,"biomesoplenty:redwood_fence":3,"minecraft:deepslate_lapis_ore":10,"biomesoplenty:sea_oats":80,"minecraft:potatoes":1,"minecraft:vine":5,"biomesoplenty:redwood_log":218,"minecraft:deepslate_iron_ore":22,"minecraft:white_tulip":13,"minecraft:stone":169,"biomesoplenty:jacaranda_leaves":21,"biomesoplenty:jacaranda_planks":27,"minecraft:polished_deepslate_stairs":50,"biomesoplenty:jacaranda_slab":1,"minecraft:amethyst_cluster":17,"biomesoplenty:redwood_fence_gate":2,"minecraft:crafting_table":5,"minecraft:torch":22,"minecraft:calcite":11,"minecraft:chest":6,"minecraft:rose_bush":2,"botania:brown_mushroom":1,"minecraft:tall_grass":88,"minecraft:deepslate_coal_ore":5,"biomesoplenty:sprout":2,"minecraft:deepslate_gold_ore":24,"minecraft:sugar_cane":38,"botania:light_gray_double_flower":1,"minecraft:diorite":22,"minecraft:wall_torch":16,"minecraft:amethyst_block":72,"minecraft:deepslate_copper_ore":2,"biomesoplenty:goldenrod":13,"farmersdelight:wild_beetroots":1,"minecraft:seagrass":6,"minecraft:coarse_dirt":1,"minecraft:birch_log":12,"minecraft:wheat":241,"minecraft:orange_tulip":33,"minecraft:yellow_bed":2,"minecraft:grass":808,"biomesoplenty:clover":16,"minecraft:oak_log":82,"minecraft:coal_ore":51,"minecraft:gravel":5,"minecraft:sand":425,"minecraft:dirt":248,"biomesoplenty:flowering_oak_sapling":1,"minecraft:smooth_basalt":12,"minecraft:stonecutter":1,"biomesoplenty:jacaranda_wood":79,"minecraft:deepslate":903,"biomesoplenty:redwood_wood":481,"minecraft:oak_leaves":192,"minecraft:fern":7},"minecraft:killed":{"minecraft:spider":8,"minecraft:skeleton":4,"minecraft:chicken":7,"artifacts:mimic":1,"minecraft:pig":7,"minecraft:sheep":8,"minecraft:zombie":18,"alexsmobs:crow":2,"minecraft:cow":7},"minecraft:picked_up":{"biomesoplenty:redwood_log":231,"minecraft:crafting_table":5,"minecraft:coarse_dirt":1,"minecraft:wheat":231,"minecraft:chicken":7,"biomesoplenty:jacaranda_sapling":783,"biomesoplenty:sea_oats":70,"minecraft:amethyst_block":71,"biomesoplenty:jacaranda_fence":3,"aquaculture:muskellunge":1,"minecraft:cornflower":2,"minecraft:string":11,"minecraft:raw_copper":4,"minecraft:iron_axe":1,"minecraft:wooden_sword":1,"biomesoplenty:tall_lavender":7,"minecraft:pufferfish":1,"biomesoplenty:jacaranda_slab":2,"botania:light_gray_double_flower":1,"minecraft:cobbled_deepslate":882,"minecraft:beef":14,"minecraft:white_tulip":13,"minecraft:rose_bush":2,"minecraft:calcite":11,"minecraft:chest":6,"minecraft:light_gray_wool":1,"biomesoplenty:redwood_wood":519,"minecraft:sugar_cane":76,"minecraft:birch_sapling":5,"biomesoplenty:jacaranda_wood":78,"minecraft:furnace":3,"minecraft:egg":4,"minecraft:stick":608,"minecraft:raw_iron":108,"biomesoplenty:redwood_boat":3,"minecraft:polished_deepslate_stairs":49,"aquaculture:perch":3,"minecraft:torch":106,"minecraft:porkchop":14,"tombstone:grave_dust":2,"minecraft:diorite":22,"minecraft:carrot":97,"minecraft:vine":5,"aquaculture:algae":1,"minecraft:arrow":4,"minecraft:rotten_flesh":27,"minecraft:stone_shovel":1,"biomesoplenty:jacaranda_stairs":3,"biomesoplenty:jacaranda_log":1287,"biomesoplenty:redwood_fence":4,"minecraft:beetroot_seeds":1,"aquaculture:carp":3,"biomesoplenty:redwood_sapling":71,"minecraft:mutton":12,"minecraft:cod":2,"minecraft:white_wool":4,"minecraft:cobblestone":171,"biomesoplenty:lavender":68,"minecraft:birch_log":12,"minecraft:feather":6,"biomesoplenty:flowering_oak_leaves":63,"minecraft:salmon":2,"minecraft:andesite":2,"biomesoplenty:goldenrod":13,"minecraft:leather":15,"minecraft:potato":5,"minecraft:lantern":1,"minecraft:tuff":86,"minecraft:oak_log":80,"biomesoplenty:dune_grass":25,"minecraft:yellow_bed":2,"biomesoplenty:jacaranda_planks":27,"botania:magenta_mushroom":1,"minecraft:lapis_lazuli":58,"minecraft:dirt":1425,"minecraft:cooked_mutton":7,"minecraft:bone":3,"minecraft:apple":10,"biomesoplenty:redwood_fence_gate":2,"minecraft:stonecutter":1,"minecraft:wheat_seeds":770,"minecraft:orange_tulip":33,"minecraft:raw_gold":24,"minecraft:iron_ingot":2,"artifacts:antidote_vessel":1,"biomesoplenty:clover":37,"botania:red_mystical_flower":5,"minecraft:smooth_basalt":11,"minecraft:dandelion":14,"minecraft:gravel":10,"minecraft:sand":434,"minecraft:amethyst_shard":68,"minecraft:spider_eye":1,"minecraft:mossy_cobblestone":6,"biomesoplenty:flowering_oak_sapling":19,"minecraft:diamond":3,"minecraft:granite":7,"minecraft:grass":3,"minecraft:gray_wool":1,"tombstone:magic_scroll":1,"minecraft:oak_sapling":39,"minecraft:black_wool":2,"minecraft:oak_leaves":164,"botania:brown_mushroom":2,"minecraft:coal":56},"minecraft:killed_by":{"minecraft:zombie":1},"minecraft:crafted":{"minecraft:wooden_sword":2,"minecraft:stone_shovel":7,"minecraft:fishing_rod":1,"minecraft:iron_nugget":171,"minecraft:polished_deepslate_stairs":2,"minecraft:cooked_chicken":7,"minecraft:lightning_rod":1,"minecraft:furnace":2,"minecraft:stone":3,"minecraft:cooked_mutton":12,"minecraft:glass_pane":384,"minecraft:glass":220,"minecraft:lantern":21,"minecraft:iron_boots":1,"minecraft:iron_axe":4,"minecraft:stone_pickaxe":2,"minecraft:chest":11,"biomesoplenty:jacaranda_door":6,"minecraft:stone_hoe":1,"biomesoplenty:jacaranda_stairs":20,"minecraft:cooked_beef":14,"biomesoplenty:jacaranda_planks":940,"minecraft:cooked_porkchop":14,"minecraft:crafting_table":3,"biomesoplenty:redwood_planks":572,"minecraft:wooden_pickaxe":1,"minecraft:iron_helmet":1,"biomesoplenty:redwood_fence":183,"minecraft:iron_sword":1,"biomesoplenty:redwood_fence_gate":2,"minecraft:copper_ingot":4,"minecraft:birch_planks":12,"biomesoplenty:jacaranda_wood":786,"minecraft:stone_axe":11,"biomesoplenty:jacaranda_fence":30,"biomesoplenty:jacaranda_slab":66,"minecraft:bread":52,"minecraft:air":0,"biomesoplenty:redwood_boat":1,"minecraft:paper":60,"minecraft:iron_chestplate":1,"minecraft:charcoal":97,"minecraft:stick":12,"minecraft:iron_ingot":108,"minecraft:iron_pickaxe":6,"minecraft:wooden_axe":2,"minecraft:stone_sword":1,"minecraft:iron_leggings":1,"minecraft:iron_shovel":3,"minecraft:gold_ingot":11,"minecraft:stonecutter":1,"minecraft:torch":476,"minecraft:shears":2},"minecraft:used":{"minecraft:stone_sword":679,"minecraft:iron_shovel":703,"minecraft:stone_shovel":970,"minecraft:chest":17,"minecraft:iron_sword":127,"minecraft:cooked_chicken":7,"minecraft:stone_hoe":72,"minecraft:torch":400,"minecraft:dirt":608,"biomesoplenty:redwood_fence":174,"minecraft:carrot":34,"biomesoplenty:jacaranda_slab":67,"minecraft:granite":4,"minecraft:polished_deepslate_stairs":775,"minecraft:wooden_axe":127,"minecraft:lantern":22,"biomesoplenty:redwood_wood":7,"minecraft:iron_axe":852,"biomesoplenty:jacaranda_wood":842,"minecraft:birch_sapling":5,"biomesoplenty:tall_lavender":1,"biomesoplenty:redwood_boat":3,"biomesoplenty:jacaranda_stairs":19,"biomesoplenty:jacaranda_sapling":64,"minecraft:oak_sapling":4,"minecraft:furnace":5,"tombstone:gift":6,"minecraft:cooked_beef":7,"minecraft:potato":5,"biomesoplenty:jacaranda_fence":18,"minecraft:cobbled_deepslate":7,"minecraft:cooked_mutton":9,"minecraft:wheat_seeds":299,"biomesoplenty:jacaranda_door":2,"minecraft:diorite":13,"biomesoplenty:redwood_fence_gate":4,"minecraft:stone_pickaxe":247,"biomesoplenty:flowering_oak_sapling":19,"minecraft:wooden_pickaxe":59,"minecraft:stonecutter":2,"minecraft:sugar_cane":16,"minecraft:oak_leaves":71,"minecraft:sand":12,"minecraft:crafting_table":7,"minecraft:lightning_rod":1,"minecraft:shears":245,"biomesoplenty:jacaranda_planks":723,"minecraft:apple":10,"minecraft:bread":48,"minecraft:iron_pickaxe":1293,"minecraft:stone_axe":1489,"minecraft:fishing_rod":15,"minecraft:wooden_sword":7,"minecraft:cobblestone":22,"minecraft:cooked_porkchop":5,"minecraft:glass_pane":241,"minecraft:yellow_bed":2,"biomesoplenty:flowering_oak_leaves":52},"minecraft:dropped":{"minecraft:crafting_table":1,"minecraft:cobblestone":10,"minecraft:dirt":64,"minecraft:wooden_sword":3,"minecraft:iron_axe":1,"biomesoplenty:sea_oats":6,"minecraft:tuff":10,"biomesoplenty:jacaranda_wood":1,"minecraft:stone_shovel":1,"minecraft:rotten_flesh":2,"biomesoplenty:jacaranda_slab":1,"minecraft:beetroot_seeds":1,"minecraft:arrow":2},"minecraft:broken":{"minecraft:iron_shovel":2,"minecraft:stone_sword":1,"minecraft:shears":1,"minecraft:wooden_pickaxe":1,"minecraft:stone_pickaxe":1,"minecraft:iron_axe":3,"minecraft:stone_axe":9,"minecraft:iron_pickaxe":5,"minecraft:wooden_axe":2,"minecraft:stone_shovel":7},"minecraft:custom":{"minecraft:mob_kills":62,"minecraft:animals_bred":27,"minecraft:interact_with_crafting_table":86,"minecraft:open_barrel":1,"minecraft:leave_game":4,"minecraft:time_since_death":329922,"minecraft:climb_one_cm":1579,"minecraft:sprint_one_cm":2325967,"minecraft:walk_one_cm":1014556,"minecraft:drop":17,"minecraft:talked_to_villager":1,"minecraft:play_time":616071,"minecraft:sneak_time":14233,"minecraft:deaths":1,"minecraft:walk_under_water_one_cm":22361,"minecraft:boat_one_cm":198464,"minecraft:jump":3191,"minecraft:interact_with_brewingstand":1,"minecraft:walk_on_water_one_cm":76649,"minecraft:total_world_time":616071,"minecraft:interact_with_furnace":88,"minecraft:interact_with_stonecutter":6,"minecraft:sleep_in_bed":1,"minecraft:time_since_rest":329794,"minecraft:damage_taken":1826,"minecraft:damage_dealt":8825,"minecraft:swim_one_cm":121813,"minecraft:fly_one_cm":410214,"minecraft:open_chest":264,"minecraft:crouch_one_cm":50465,"tombstone:undead_killed":22,"minecraft:fish_caught":12,"minecraft:fall_one_cm":50424}},"DataVersion":3465}