{"stats":{"minecraft:broken":{"minecraft:wooden_pickaxe":1,"minecraft:iron_axe":2,"minecraft:stone_axe":8,"minecraft:wooden_axe":2,"minecraft:stone_shovel":7},"minecraft:crafted":{"minecraft:stone_shovel":7,"minecraft:cooked_chicken":6,"minecraft:furnace":1,"minecraft:cooked_mutton":5,"minecraft:glass_pane":160,"minecraft:glass":103,"minecraft:iron_boots":1,"minecraft:iron_axe":2,"minecraft:stone_pickaxe":2,"minecraft:chest":4,"minecraft:stone_hoe":1,"biomesoplenty:jacaranda_stairs":16,"minecraft:cooked_beef":9,"biomesoplenty:jacaranda_planks":932,"minecraft:crafting_table":1,"biomesoplenty:redwood_planks":256,"minecraft:wooden_pickaxe":1,"minecraft:iron_helmet":1,"biomesoplenty:redwood_fence":144,"biomesoplenty:redwood_fence_gate":2,"biomesoplenty:jacaranda_wood":741,"minecraft:stone_axe":11,"biomesoplenty:jacaranda_slab":12,"minecraft:bread":17,"minecraft:air":0,"biomesoplenty:redwood_boat":1,"minecraft:iron_chestplate":1,"minecraft:charcoal":33,"minecraft:stick":4,"minecraft:iron_ingot":34,"minecraft:wooden_axe":2,"minecraft:stone_sword":1,"minecraft:iron_shovel":1,"minecraft:torch":76},"minecraft:mined":{"botania:magenta_mushroom":1,"botania:red_mystical_flower":5,"farmersdelight:wild_carrots":10,"minecraft:granite":2,"minecraft:grass_block":778,"biomesoplenty:jacaranda_stairs":1,"minecraft:tall_seagrass":1,"biomesoplenty:jacaranda_log":1262,"biomesoplenty:tall_lavender":9,"minecraft:iron_ore":34,"biomesoplenty:lavender":59,"biomesoplenty:redwood_fence":2,"minecraft:stone":114,"biomesoplenty:jacaranda_leaves":21,"biomesoplenty:jacaranda_planks":27,"biomesoplenty:redwood_fence_gate":2,"minecraft:crafting_table":2,"minecraft:torch":8,"minecraft:rose_bush":2,"botania:brown_mushroom":1,"minecraft:tall_grass":65,"biomesoplenty:sprout":1,"minecraft:sugar_cane":14,"minecraft:diorite":1,"minecraft:wall_torch":2,"minecraft:seagrass":6,"minecraft:wheat":75,"minecraft:yellow_bed":1,"biomesoplenty:clover":2,"minecraft:grass":730,"minecraft:oak_log":81,"minecraft:coal_ore":32,"minecraft:gravel":5,"minecraft:sand":274,"minecraft:dirt":49,"biomesoplenty:jacaranda_wood":79,"biomesoplenty:redwood_wood":334,"minecraft:oak_leaves":9,"minecraft:fern":4},"minecraft:used":{"minecraft:stone_sword":616,"minecraft:iron_shovel":121,"minecraft:stone_shovel":970,"minecraft:chest":4,"minecraft:cooked_chicken":6,"minecraft:stone_hoe":72,"minecraft:torch":86,"minecraft:dirt":375,"biomesoplenty:redwood_fence":78,"minecraft:carrot":5,"biomesoplenty:jacaranda_slab":6,"minecraft:wooden_axe":127,"biomesoplenty:jacaranda_wood":818,"minecraft:iron_axe":524,"biomesoplenty:redwood_wood":5,"biomesoplenty:tall_lavender":1,"biomesoplenty:redwood_boat":1,"biomesoplenty:jacaranda_stairs":15,"biomesoplenty:jacaranda_sapling":64,"minecraft:furnace":1,"minecraft:cooked_beef":5,"minecraft:wheat_seeds":141,"biomesoplenty:redwood_fence_gate":4,"minecraft:stone_pickaxe":133,"minecraft:wooden_pickaxe":59,"minecraft:sugar_cane":16,"minecraft:sand":12,"minecraft:crafting_table":3,"biomesoplenty:jacaranda_planks":723,"minecraft:apple":10,"minecraft:bread":17,"minecraft:stone_axe":1346,"minecraft:glass_pane":111,"minecraft:yellow_bed":1},"minecraft:killed":{"minecraft:skeleton":1,"minecraft:chicken":7,"minecraft:pig":7,"minecraft:sheep":5,"alexsmobs:crow":2,"minecraft:cow":7},"minecraft:picked_up":{"minecraft:crafting_table":2,"minecraft:wheat":66,"minecraft:chicken":7,"biomesoplenty:jacaranda_sapling":726,"minecraft:cornflower":1,"minecraft:iron_axe":1,"biomesoplenty:tall_lavender":7,"biomesoplenty:jacaranda_slab":1,"minecraft:beef":14,"minecraft:rose_bush":2,"biomesoplenty:redwood_wood":329,"minecraft:sugar_cane":28,"biomesoplenty:jacaranda_wood":78,"minecraft:egg":3,"minecraft:raw_iron":34,"minecraft:stick":462,"minecraft:torch":13,"minecraft:porkchop":14,"minecraft:diorite":1,"minecraft:carrot":10,"minecraft:arrow":2,"minecraft:stone_shovel":1,"biomesoplenty:jacaranda_log":1224,"biomesoplenty:jacaranda_stairs":1,"biomesoplenty:redwood_fence":3,"biomesoplenty:redwood_sapling":21,"minecraft:mutton":7,"minecraft:white_wool":4,"minecraft:cobblestone":111,"biomesoplenty:lavender":67,"minecraft:feather":6,"minecraft:leather":7,"minecraft:oak_log":80,"minecraft:yellow_bed":1,"biomesoplenty:jacaranda_planks":27,"botania:magenta_mushroom":1,"minecraft:dirt":818,"minecraft:bone":1,"minecraft:apple":10,"biomesoplenty:redwood_fence_gate":2,"minecraft:wheat_seeds":289,"botania:red_mystical_flower":5,"minecraft:dandelion":7,"minecraft:gravel":5,"minecraft:sand":272,"biomesoplenty:flowering_oak_sapling":17,"minecraft:granite":3,"minecraft:gray_wool":1,"minecraft:oak_sapling":38,"minecraft:coal":32,"botania:brown_mushroom":1},"minecraft:dropped":{"minecraft:iron_axe":1,"biomesoplenty:jacaranda_wood":1,"minecraft:stone_shovel":1,"biomesoplenty:jacaranda_slab":1,"minecraft:arrow":2},"minecraft:custom":{"minecraft:mob_kills":29,"minecraft:animals_bred":4,"minecraft:interact_with_crafting_table":45,"minecraft:time_since_death":250793,"minecraft:sprint_one_cm":1124919,"minecraft:walk_one_cm":466495,"minecraft:drop":6,"minecraft:play_time":250793,"minecraft:sneak_time":3969,"minecraft:walk_under_water_one_cm":11232,"minecraft:boat_one_cm":89024,"minecraft:jump":1283,"minecraft:walk_on_water_one_cm":49763,"minecraft:total_world_time":250793,"minecraft:interact_with_furnace":34,"minecraft:sleep_in_bed":1,"minecraft:time_since_rest":82562,"minecraft:damage_taken":483,"minecraft:damage_dealt":2530,"minecraft:swim_one_cm":74020,"minecraft:fly_one_cm":182042,"minecraft:open_chest":70,"minecraft:crouch_one_cm":17237,"tombstone:undead_killed":1,"minecraft:fall_one_cm":20309}},"DataVersion":3465}