{"stats":{"minecraft:broken":{"minecraft:stone_axe":5,"minecraft:wooden_axe":2,"minecraft:stone_shovel":5,"minecraft:wooden_pickaxe":1},"minecraft:crafted":{"minecraft:cooked_beef":9,"minecraft:stone_shovel":6,"biomesoplenty:jacaranda_planks":932,"minecraft:crafting_table":1,"minecraft:wooden_pickaxe":1,"minecraft:cooked_chicken":6,"minecraft:furnace":1,"biomesoplenty:jacaranda_wood":270,"minecraft:stone_axe":6,"minecraft:cooked_mutton":5,"biomesoplenty:jacaranda_slab":12,"minecraft:charcoal":33,"minecraft:stick":4,"minecraft:stone_pickaxe":2,"minecraft:wooden_axe":2,"minecraft:stone_sword":1,"minecraft:chest":2,"minecraft:torch":76,"minecraft:stone_hoe":1,"biomesoplenty:jacaranda_stairs":16},"minecraft:mined":{"biomesoplenty:jacaranda_leaves":8,"biomesoplenty:jacaranda_planks":27,"botania:red_mystical_flower":5,"minecraft:crafting_table":2,"minecraft:grass_block":769,"biomesoplenty:jacaranda_stairs":1,"minecraft:tall_grass":62,"minecraft:sugar_cane":1,"biomesoplenty:jacaranda_log":702,"biomesoplenty:tall_lavender":9,"minecraft:wheat":6,"biomesoplenty:lavender":57,"minecraft:yellow_bed":1,"minecraft:grass":710,"minecraft:oak_log":81,"minecraft:gravel":5,"minecraft:sand":9,"minecraft:dirt":43,"minecraft:stone":54,"biomesoplenty:jacaranda_wood":59,"minecraft:oak_leaves":9},"minecraft:used":{"minecraft:wheat_seeds":78,"minecraft:stone_sword":562,"minecraft:stone_pickaxe":1,"minecraft:stone_shovel":821,"minecraft:chest":2,"minecraft:wooden_pickaxe":59,"minecraft:stone_hoe":72,"minecraft:cooked_chicken":6,"minecraft:torch":17,"minecraft:dirt":247,"minecraft:crafting_table":3,"biomesoplenty:jacaranda_slab":6,"biomesoplenty:jacaranda_planks":723,"minecraft:wooden_axe":127,"minecraft:apple":10,"biomesoplenty:jacaranda_wood":295,"biomesoplenty:tall_lavender":1,"biomesoplenty:jacaranda_stairs":15,"minecraft:stone_axe":909,"biomesoplenty:jacaranda_sapling":64,"minecraft:furnace":1,"minecraft:yellow_bed":1,"minecraft:cooked_beef":3},"minecraft:killed":{"minecraft:sheep":3,"minecraft:chicken":6,"alexsmobs:crow":2,"minecraft:cow":4},"minecraft:picked_up":{"biomesoplenty:lavender":65,"minecraft:crafting_table":2,"minecraft:wheat":5,"minecraft:feather":6,"minecraft:chicken":6,"minecraft:leather":7,"biomesoplenty:jacaranda_sapling":446,"minecraft:oak_log":80,"minecraft:yellow_bed":1,"biomesoplenty:jacaranda_planks":27,"minecraft:cornflower":1,"minecraft:dirt":803,"biomesoplenty:tall_lavender":7,"minecraft:apple":10,"biomesoplenty:jacaranda_slab":1,"minecraft:wheat_seeds":115,"minecraft:beef":9,"minecraft:sugar_cane":2,"biomesoplenty:jacaranda_wood":60,"minecraft:egg":3,"minecraft:stick":305,"botania:red_mystical_flower":5,"minecraft:dandelion":7,"minecraft:gravel":5,"minecraft:sand":9,"biomesoplenty:flowering_oak_sapling":17,"biomesoplenty:jacaranda_log":689,"biomesoplenty:jacaranda_stairs":1,"minecraft:gray_wool":1,"minecraft:oak_sapling":38,"minecraft:mutton":5,"minecraft:white_wool":2,"minecraft:cobblestone":54},"minecraft:dropped":{"biomesoplenty:jacaranda_wood":1,"biomesoplenty:jacaranda_slab":1},"minecraft:custom":{"minecraft:interact_with_furnace":14,"minecraft:mob_kills":15,"minecraft:interact_with_crafting_table":23,"minecraft:time_since_death":118793,"minecraft:time_since_rest":118793,"minecraft:sprint_one_cm":543913,"minecraft:damage_taken":190,"minecraft:walk_one_cm":229351,"minecraft:drop":2,"minecraft:damage_dealt":1080,"minecraft:swim_one_cm":26007,"minecraft:fly_one_cm":94921,"minecraft:open_chest":25,"minecraft:crouch_one_cm":11321,"minecraft:play_time":118793,"minecraft:sneak_time":2494,"minecraft:walk_under_water_one_cm":1561,"minecraft:jump":577,"minecraft:walk_on_water_one_cm":23800,"minecraft:total_world_time":118793,"minecraft:fall_one_cm":10390}},"DataVersion":3465}