{"stats":{"minecraft:mined":{"biomesoplenty:jacaranda_log":1,"minecraft:yellow_bed":1},"minecraft:picked_up":{"minecraft:yellow_bed":1,"biomesoplenty:jacaranda_log":1,"minecraft:egg":1},"minecraft:custom":{"minecraft:jump":47,"minecraft:open_chest":1,"minecraft:time_since_rest":4793,"minecraft:walk_on_water_one_cm":402,"minecraft:sprint_one_cm":33276,"minecraft:play_time":4793,"minecraft:damage_taken":20,"minecraft:time_since_death":4793,"minecraft:walk_one_cm":3291,"minecraft:sneak_time":55,"minecraft:total_world_time":4793,"minecraft:fall_one_cm":1629,"minecraft:fly_one_cm":8570}},"DataVersion":3465}