{"stats":{"minecraft:broken":{"minecraft:stone_sword":1,"minecraft:wooden_pickaxe":1,"minecraft:stone_pickaxe":1,"minecraft:iron_axe":2,"minecraft:stone_axe":8,"minecraft:wooden_axe":2,"minecraft:stone_shovel":7},"minecraft:crafted":{"minecraft:wooden_sword":2,"minecraft:stone_shovel":7,"minecraft:cooked_chicken":7,"minecraft:furnace":1,"minecraft:cooked_mutton":7,"minecraft:glass_pane":160,"minecraft:glass":103,"minecraft:iron_boots":1,"minecraft:iron_axe":2,"minecraft:stone_pickaxe":2,"minecraft:chest":4,"minecraft:stone_hoe":1,"biomesoplenty:jacaranda_stairs":16,"minecraft:cooked_beef":14,"biomesoplenty:jacaranda_planks":932,"minecraft:cooked_porkchop":14,"minecraft:crafting_table":2,"biomesoplenty:redwood_planks":260,"minecraft:wooden_pickaxe":1,"minecraft:iron_helmet":1,"biomesoplenty:redwood_fence":144,"minecraft:iron_sword":1,"biomesoplenty:redwood_fence_gate":2,"biomesoplenty:jacaranda_wood":741,"minecraft:stone_axe":11,"biomesoplenty:jacaranda_slab":12,"minecraft:bread":17,"minecraft:air":0,"biomesoplenty:redwood_boat":1,"minecraft:iron_chestplate":1,"minecraft:charcoal":33,"minecraft:stick":4,"minecraft:iron_ingot":34,"minecraft:iron_pickaxe":1,"minecraft:wooden_axe":2,"minecraft:stone_sword":1,"minecraft:iron_shovel":1,"minecraft:torch":292},"minecraft:mined":{"botania:magenta_mushroom":1,"minecraft:tuff":9,"minecraft:deepslate_diamond_ore":1,"botania:red_mystical_flower":5,"farmersdelight:wild_carrots":10,"minecraft:granite":6,"minecraft:grass_block":778,"biomesoplenty:jacaranda_stairs":1,"minecraft:tall_seagrass":1,"biomesoplenty:jacaranda_log":1262,"biomesoplenty:tall_lavender":9,"minecraft:iron_ore":68,"biomesoplenty:lavender":59,"minecraft:andesite":2,"biomesoplenty:redwood_fence":2,"minecraft:deepslate_lapis_ore":5,"minecraft:deepslate_iron_ore":7,"minecraft:stone":141,"biomesoplenty:jacaranda_leaves":21,"biomesoplenty:jacaranda_planks":27,"biomesoplenty:redwood_fence_gate":2,"minecraft:crafting_table":3,"minecraft:torch":10,"minecraft:rose_bush":2,"botania:brown_mushroom":1,"minecraft:tall_grass":65,"biomesoplenty:sprout":1,"minecraft:deepslate_gold_ore":11,"minecraft:sugar_cane":14,"minecraft:diorite":9,"minecraft:wall_torch":3,"minecraft:seagrass":6,"minecraft:wheat":75,"minecraft:yellow_bed":1,"biomesoplenty:clover":2,"minecraft:grass":730,"minecraft:oak_log":81,"minecraft:coal_ore":39,"minecraft:gravel":5,"minecraft:sand":274,"minecraft:dirt":49,"biomesoplenty:jacaranda_wood":79,"minecraft:deepslate":53,"biomesoplenty:redwood_wood":334,"minecraft:oak_leaves":9,"minecraft:fern":4},"minecraft:killed_by":{"minecraft:zombie":1},"minecraft:used":{"minecraft:stone_sword":679,"minecraft:iron_shovel":121,"minecraft:stone_shovel":970,"minecraft:chest":4,"minecraft:iron_sword":34,"minecraft:cooked_chicken":7,"minecraft:stone_hoe":72,"minecraft:torch":255,"minecraft:dirt":375,"biomesoplenty:redwood_fence":78,"minecraft:carrot":5,"minecraft:granite":4,"biomesoplenty:jacaranda_slab":6,"minecraft:wooden_axe":127,"biomesoplenty:jacaranda_wood":818,"minecraft:iron_axe":524,"biomesoplenty:redwood_wood":5,"biomesoplenty:tall_lavender":1,"biomesoplenty:redwood_boat":1,"biomesoplenty:jacaranda_stairs":15,"biomesoplenty:jacaranda_sapling":64,"minecraft:furnace":1,"tombstone:gift":2,"minecraft:cooked_beef":7,"minecraft:wheat_seeds":141,"biomesoplenty:redwood_fence_gate":4,"minecraft:stone_pickaxe":220,"minecraft:wooden_pickaxe":59,"minecraft:sugar_cane":16,"minecraft:sand":12,"minecraft:crafting_table":5,"biomesoplenty:jacaranda_planks":723,"minecraft:apple":10,"minecraft:bread":17,"minecraft:iron_pickaxe":91,"minecraft:stone_axe":1346,"minecraft:wooden_sword":7,"minecraft:cobblestone":22,"minecraft:cooked_porkchop":5,"minecraft:glass_pane":111,"minecraft:yellow_bed":1},"minecraft:killed":{"minecraft:spider":7,"minecraft:skeleton":3,"minecraft:chicken":7,"artifacts:mimic":1,"minecraft:pig":7,"minecraft:sheep":5,"minecraft:zombie":12,"alexsmobs:crow":2,"minecraft:cow":7},"minecraft:picked_up":{"minecraft:crafting_table":3,"minecraft:wheat":80,"minecraft:chicken":7,"biomesoplenty:jacaranda_sapling":726,"minecraft:cornflower":1,"minecraft:string":10,"minecraft:iron_axe":1,"minecraft:wooden_sword":1,"biomesoplenty:tall_lavender":7,"biomesoplenty:jacaranda_slab":1,"minecraft:cobbled_deepslate":53,"minecraft:beef":14,"minecraft:rose_bush":2,"biomesoplenty:redwood_wood":329,"minecraft:sugar_cane":28,"biomesoplenty:jacaranda_wood":78,"minecraft:egg":3,"minecraft:raw_iron":75,"minecraft:stick":462,"minecraft:torch":73,"minecraft:porkchop":14,"minecraft:diorite":9,"minecraft:carrot":10,"minecraft:arrow":4,"minecraft:rotten_flesh":13,"minecraft:stone_shovel":1,"biomesoplenty:jacaranda_log":1224,"biomesoplenty:jacaranda_stairs":1,"biomesoplenty:redwood_fence":3,"biomesoplenty:redwood_sapling":21,"minecraft:mutton":7,"minecraft:white_wool":4,"minecraft:cobblestone":143,"biomesoplenty:lavender":67,"minecraft:feather":6,"minecraft:andesite":2,"minecraft:leather":7,"minecraft:tuff":10,"minecraft:oak_log":80,"minecraft:yellow_bed":1,"biomesoplenty:jacaranda_planks":27,"botania:magenta_mushroom":1,"minecraft:lapis_lazuli":29,"minecraft:dirt":818,"minecraft:cooked_mutton":7,"minecraft:bone":2,"minecraft:apple":10,"biomesoplenty:redwood_fence_gate":2,"minecraft:wheat_seeds":289,"minecraft:raw_gold":11,"artifacts:antidote_vessel":1,"botania:red_mystical_flower":5,"minecraft:dandelion":7,"minecraft:gravel":5,"minecraft:sand":272,"minecraft:spider_eye":1,"biomesoplenty:flowering_oak_sapling":17,"minecraft:diamond":1,"minecraft:granite":7,"minecraft:gray_wool":1,"tombstone:magic_scroll":1,"minecraft:oak_sapling":38,"minecraft:coal":39,"botania:brown_mushroom":1},"minecraft:dropped":{"minecraft:cobblestone":10,"minecraft:wooden_sword":3,"minecraft:iron_axe":1,"minecraft:tuff":1,"biomesoplenty:jacaranda_wood":1,"minecraft:stone_shovel":1,"biomesoplenty:jacaranda_slab":1,"minecraft:arrow":2},"minecraft:custom":{"minecraft:mob_kills":51,"minecraft:animals_bred":4,"minecraft:interact_with_crafting_table":49,"minecraft:open_barrel":1,"minecraft:time_since_death":6644,"minecraft:sprint_one_cm":1243886,"minecraft:walk_one_cm":522475,"minecraft:drop":11,"minecraft:play_time":292793,"minecraft:deaths":1,"minecraft:sneak_time":3969,"minecraft:walk_under_water_one_cm":11232,"minecraft:boat_one_cm":89024,"minecraft:jump":1693,"minecraft:walk_on_water_one_cm":51552,"minecraft:total_world_time":292793,"minecraft:interact_with_furnace":40,"minecraft:sleep_in_bed":1,"minecraft:time_since_rest":6516,"minecraft:damage_taken":1330,"minecraft:damage_dealt":7168,"minecraft:swim_one_cm":74020,"minecraft:fly_one_cm":228405,"minecraft:open_chest":81,"minecraft:crouch_one_cm":17237,"tombstone:undead_killed":15,"minecraft:fall_one_cm":30674}},"DataVersion":3465}