{"stats":{"minecraft:mined":{"botania:magenta_mushroom":1,"minecraft:large_amethyst_bud":2,"minecraft:tuff":89,"minecraft:mossy_cobblestone":3,"minecraft:deepslate_diamond_ore":3,"botania:red_mystical_flower":5,"farmersdelight:wild_carrots":10,"minecraft:granite":6,"minecraft:grass_block":785,"biomesoplenty:jacaranda_stairs":1,"biomesoplenty:dune_grass":27,"minecraft:large_fern":1,"minecraft:tall_seagrass":1,"biomesoplenty:jacaranda_log":1262,"biomesoplenty:tall_lavender":9,"minecraft:furnace":1,"minecraft:carrots":13,"minecraft:iron_ore":86,"minecraft:cobbled_deepslate":1,"biomesoplenty:lavender":60,"minecraft:andesite":2,"biomesoplenty:redwood_fence":2,"minecraft:deepslate_lapis_ore":10,"biomesoplenty:sea_oats":80,"minecraft:vine":5,"biomesoplenty:redwood_log":18,"minecraft:deepslate_iron_ore":22,"minecraft:white_tulip":13,"minecraft:stone":169,"biomesoplenty:jacaranda_leaves":21,"minecraft:polished_deepslate_stairs":50,"biomesoplenty:jacaranda_planks":27,"minecraft:amethyst_cluster":17,"biomesoplenty:redwood_fence_gate":2,"minecraft:crafting_table":4,"minecraft:torch":12,"minecraft:calcite":11,"minecraft:rose_bush":2,"botania:brown_mushroom":1,"minecraft:tall_grass":65,"minecraft:deepslate_coal_ore":5,"biomesoplenty:sprout":1,"minecraft:deepslate_gold_ore":24,"minecraft:sugar_cane":38,"minecraft:diorite":22,"minecraft:wall_torch":8,"minecraft:amethyst_block":72,"biomesoplenty:goldenrod":13,"minecraft:deepslate_copper_ore":2,"farmersdelight:wild_beetroots":1,"minecraft:seagrass":6,"minecraft:coarse_dirt":1,"minecraft:birch_log":12,"minecraft:wheat":194,"minecraft:orange_tulip":33,"minecraft:yellow_bed":1,"minecraft:grass":734,"biomesoplenty:clover":2,"minecraft:oak_log":81,"minecraft:coal_ore":51,"minecraft:gravel":5,"minecraft:sand":425,"minecraft:dirt":232,"minecraft:smooth_basalt":12,"biomesoplenty:jacaranda_wood":79,"biomesoplenty:redwood_wood":481,"minecraft:oak_leaves":10,"minecraft:deepslate":903,"minecraft:fern":6},"minecraft:killed":{"minecraft:spider":8,"minecraft:skeleton":4,"minecraft:chicken":7,"artifacts:mimic":1,"minecraft:pig":7,"minecraft:sheep":8,"minecraft:zombie":18,"alexsmobs:crow":2,"minecraft:cow":7},"minecraft:picked_up":{"biomesoplenty:redwood_log":18,"minecraft:coarse_dirt":1,"minecraft:crafting_table":4,"minecraft:wheat":186,"minecraft:chicken":7,"biomesoplenty:jacaranda_sapling":726,"biomesoplenty:sea_oats":70,"minecraft:amethyst_block":71,"minecraft:cornflower":1,"minecraft:string":11,"minecraft:raw_copper":4,"minecraft:iron_axe":1,"minecraft:wooden_sword":1,"biomesoplenty:tall_lavender":7,"biomesoplenty:jacaranda_slab":1,"minecraft:cobbled_deepslate":882,"minecraft:beef":14,"minecraft:white_tulip":13,"minecraft:rose_bush":2,"minecraft:calcite":11,"minecraft:light_gray_wool":1,"biomesoplenty:redwood_wood":455,"minecraft:sugar_cane":76,"minecraft:birch_sapling":5,"biomesoplenty:jacaranda_wood":78,"minecraft:furnace":1,"minecraft:egg":3,"minecraft:stick":475,"minecraft:raw_iron":108,"biomesoplenty:redwood_boat":3,"minecraft:polished_deepslate_stairs":49,"minecraft:torch":88,"minecraft:porkchop":14,"minecraft:diorite":22,"tombstone:grave_dust":2,"minecraft:vine":5,"minecraft:carrot":55,"minecraft:arrow":4,"minecraft:rotten_flesh":20,"minecraft:stone_shovel":1,"minecraft:beetroot_seeds":1,"biomesoplenty:jacaranda_log":1224,"biomesoplenty:jacaranda_stairs":1,"biomesoplenty:redwood_fence":3,"biomesoplenty:redwood_sapling":39,"minecraft:mutton":12,"minecraft:white_wool":4,"minecraft:cobblestone":171,"minecraft:birch_log":12,"biomesoplenty:lavender":68,"minecraft:feather":6,"minecraft:andesite":2,"biomesoplenty:goldenrod":13,"minecraft:leather":7,"minecraft:potato":1,"minecraft:tuff":86,"minecraft:oak_log":80,"biomesoplenty:dune_grass":25,"minecraft:yellow_bed":1,"biomesoplenty:jacaranda_planks":27,"botania:magenta_mushroom":1,"minecraft:lapis_lazuli":58,"minecraft:dirt":1003,"minecraft:cooked_mutton":7,"minecraft:bone":3,"minecraft:apple":10,"biomesoplenty:redwood_fence_gate":2,"minecraft:orange_tulip":33,"minecraft:wheat_seeds":581,"minecraft:raw_gold":24,"artifacts:antidote_vessel":1,"botania:red_mystical_flower":5,"minecraft:smooth_basalt":11,"minecraft:dandelion":7,"minecraft:gravel":5,"minecraft:sand":423,"minecraft:amethyst_shard":68,"minecraft:spider_eye":1,"minecraft:mossy_cobblestone":3,"biomesoplenty:flowering_oak_sapling":17,"minecraft:diamond":3,"minecraft:granite":7,"minecraft:grass":2,"minecraft:gray_wool":1,"minecraft:oak_leaves":1,"tombstone:magic_scroll":1,"minecraft:oak_sapling":38,"minecraft:black_wool":2,"botania:brown_mushroom":1,"minecraft:coal":56},"minecraft:killed_by":{"minecraft:zombie":1},"minecraft:crafted":{"minecraft:wooden_sword":2,"minecraft:stone_shovel":7,"minecraft:polished_deepslate_stairs":2,"minecraft:cooked_chicken":7,"minecraft:furnace":2,"minecraft:stone":3,"minecraft:cooked_mutton":12,"minecraft:glass_pane":160,"minecraft:glass":103,"minecraft:iron_boots":1,"minecraft:iron_axe":4,"minecraft:stone_pickaxe":2,"minecraft:chest":6,"minecraft:stone_hoe":1,"biomesoplenty:jacaranda_stairs":16,"minecraft:cooked_beef":14,"biomesoplenty:jacaranda_planks":932,"minecraft:cooked_porkchop":14,"minecraft:crafting_table":3,"biomesoplenty:redwood_planks":276,"minecraft:wooden_pickaxe":1,"minecraft:iron_helmet":1,"biomesoplenty:redwood_fence":144,"minecraft:iron_sword":1,"biomesoplenty:redwood_fence_gate":2,"minecraft:birch_planks":12,"biomesoplenty:jacaranda_wood":741,"minecraft:stone_axe":11,"biomesoplenty:jacaranda_slab":12,"minecraft:bread":52,"minecraft:air":0,"biomesoplenty:redwood_boat":1,"minecraft:iron_chestplate":1,"minecraft:charcoal":33,"minecraft:stick":8,"minecraft:iron_ingot":108,"minecraft:iron_pickaxe":6,"minecraft:wooden_axe":2,"minecraft:stone_sword":1,"minecraft:iron_shovel":3,"minecraft:iron_leggings":1,"minecraft:stonecutter":1,"minecraft:torch":360,"minecraft:shears":2},"minecraft:used":{"minecraft:stone_sword":679,"minecraft:iron_shovel":407,"minecraft:stone_shovel":970,"minecraft:chest":6,"minecraft:iron_sword":77,"minecraft:cooked_chicken":7,"minecraft:stone_hoe":72,"minecraft:torch":384,"minecraft:dirt":599,"biomesoplenty:redwood_fence":78,"minecraft:carrot":25,"minecraft:granite":4,"biomesoplenty:jacaranda_slab":6,"minecraft:polished_deepslate_stairs":775,"minecraft:wooden_axe":127,"biomesoplenty:redwood_wood":7,"minecraft:iron_axe":645,"biomesoplenty:jacaranda_wood":818,"biomesoplenty:tall_lavender":1,"biomesoplenty:redwood_boat":3,"biomesoplenty:jacaranda_stairs":15,"biomesoplenty:jacaranda_sapling":64,"minecraft:furnace":2,"tombstone:gift":6,"minecraft:cooked_beef":7,"minecraft:potato":1,"minecraft:cobbled_deepslate":7,"minecraft:cooked_mutton":4,"minecraft:wheat_seeds":252,"minecraft:diorite":13,"biomesoplenty:redwood_fence_gate":4,"minecraft:stone_pickaxe":247,"minecraft:wooden_pickaxe":59,"minecraft:stonecutter":1,"minecraft:sugar_cane":16,"minecraft:sand":12,"minecraft:crafting_table":6,"minecraft:shears":8,"biomesoplenty:jacaranda_planks":723,"minecraft:apple":10,"minecraft:bread":38,"minecraft:iron_pickaxe":1290,"minecraft:stone_axe":1411,"minecraft:wooden_sword":7,"minecraft:cobblestone":22,"minecraft:cooked_porkchop":5,"minecraft:glass_pane":111,"minecraft:yellow_bed":1},"minecraft:dropped":{"minecraft:cobblestone":10,"minecraft:wooden_sword":3,"minecraft:iron_axe":1,"biomesoplenty:sea_oats":6,"minecraft:tuff":10,"biomesoplenty:jacaranda_wood":1,"minecraft:stone_shovel":1,"minecraft:rotten_flesh":2,"biomesoplenty:jacaranda_slab":1,"minecraft:beetroot_seeds":1,"minecraft:arrow":2},"minecraft:broken":{"minecraft:iron_shovel":1,"minecraft:stone_sword":1,"minecraft:wooden_pickaxe":1,"minecraft:stone_pickaxe":1,"minecraft:iron_axe":2,"minecraft:stone_axe":8,"minecraft:iron_pickaxe":5,"minecraft:wooden_axe":2,"minecraft:stone_shovel":7},"minecraft:custom":{"minecraft:mob_kills":62,"minecraft:animals_bred":18,"minecraft:interact_with_crafting_table":64,"minecraft:open_barrel":1,"minecraft:leave_game":3,"minecraft:time_since_death":199600,"minecraft:sprint_one_cm":1751496,"minecraft:walk_one_cm":848479,"minecraft:drop":15,"minecraft:play_time":485749,"minecraft:sneak_time":12872,"minecraft:deaths":1,"minecraft:walk_under_water_one_cm":15237,"minecraft:boat_one_cm":198464,"minecraft:jump":2726,"minecraft:walk_on_water_one_cm":67606,"minecraft:total_world_time":485749,"minecraft:interact_with_furnace":63,"minecraft:interact_with_stonecutter":6,"minecraft:sleep_in_bed":1,"minecraft:time_since_rest":199472,"minecraft:damage_taken":1792,"minecraft:damage_dealt":8782,"minecraft:swim_one_cm":89659,"minecraft:fly_one_cm":330446,"minecraft:open_chest":135,"minecraft:crouch_one_cm":48151,"tombstone:undead_killed":22,"minecraft:fall_one_cm":46068}},"DataVersion":3465}