{"stats":{"minecraft:broken":{"minecraft:stone_axe":5,"minecraft:wooden_axe":2,"minecraft:stone_shovel":5,"minecraft:wooden_pickaxe":1},"minecraft:crafted":{"minecraft:cooked_beef":5,"minecraft:stone_shovel":6,"biomesoplenty:jacaranda_planks":804,"minecraft:crafting_table":1,"minecraft:wooden_pickaxe":1,"minecraft:cooked_chicken":6,"minecraft:furnace":1,"biomesoplenty:jacaranda_wood":270,"minecraft:stone_axe":6,"minecraft:stick":4,"minecraft:wooden_axe":2,"minecraft:stone_sword":1,"minecraft:chest":2,"minecraft:stone_hoe":1},"minecraft:mined":{"biomesoplenty:jacaranda_leaves":8,"biomesoplenty:jacaranda_planks":17,"botania:red_mystical_flower":5,"minecraft:crafting_table":2,"minecraft:grass_block":769,"minecraft:tall_grass":62,"minecraft:sugar_cane":1,"biomesoplenty:jacaranda_log":702,"biomesoplenty:tall_lavender":8,"minecraft:wheat":4,"biomesoplenty:lavender":57,"minecraft:yellow_bed":1,"minecraft:grass":710,"minecraft:oak_log":81,"minecraft:gravel":5,"minecraft:sand":9,"minecraft:dirt":32,"minecraft:stone":53,"biomesoplenty:jacaranda_wood":18,"minecraft:oak_leaves":9},"minecraft:used":{"minecraft:wheat_seeds":76,"minecraft:stone_sword":547,"minecraft:stone_shovel":821,"minecraft:chest":2,"minecraft:wooden_pickaxe":59,"minecraft:stone_hoe":72,"minecraft:cooked_chicken":4,"minecraft:dirt":232,"minecraft:crafting_table":3,"biomesoplenty:jacaranda_planks":356,"minecraft:wooden_axe":127,"minecraft:apple":10,"biomesoplenty:jacaranda_wood":240,"minecraft:stone_axe":857,"minecraft:furnace":1,"minecraft:yellow_bed":1},"minecraft:killed":{"minecraft:chicken":6,"minecraft:cow":2},"minecraft:picked_up":{"biomesoplenty:lavender":65,"minecraft:crafting_table":2,"minecraft:wheat":1,"minecraft:feather":5,"minecraft:chicken":6,"minecraft:leather":4,"biomesoplenty:jacaranda_sapling":446,"minecraft:oak_log":80,"minecraft:yellow_bed":1,"biomesoplenty:jacaranda_planks":17,"minecraft:cornflower":1,"minecraft:dirt":792,"biomesoplenty:tall_lavender":6,"minecraft:apple":10,"minecraft:wheat_seeds":107,"minecraft:beef":5,"minecraft:sugar_cane":2,"biomesoplenty:jacaranda_wood":19,"minecraft:egg":3,"minecraft:stick":305,"botania:red_mystical_flower":5,"minecraft:dandelion":7,"minecraft:gravel":5,"minecraft:sand":9,"biomesoplenty:flowering_oak_sapling":17,"biomesoplenty:jacaranda_log":689,"minecraft:oak_sapling":38,"minecraft:cobblestone":53},"minecraft:dropped":{"biomesoplenty:jacaranda_wood":1},"minecraft:custom":{"minecraft:interact_with_furnace":5,"minecraft:mob_kills":8,"minecraft:interact_with_crafting_table":16,"minecraft:time_since_death":88793,"minecraft:time_since_rest":88793,"minecraft:sprint_one_cm":375193,"minecraft:damage_taken":70,"minecraft:walk_one_cm":175707,"minecraft:drop":1,"minecraft:damage_dealt":490,"minecraft:swim_one_cm":26007,"minecraft:fly_one_cm":69314,"minecraft:open_chest":11,"minecraft:crouch_one_cm":10427,"minecraft:play_time":88793,"minecraft:sneak_time":2239,"minecraft:walk_under_water_one_cm":1561,"minecraft:jump":434,"minecraft:walk_on_water_one_cm":23719,"minecraft:total_world_time":88793,"minecraft:fall_one_cm":6963}},"DataVersion":3465}