{"stats":{"minecraft:picked_up":{"minecraft:wheat":231,"minecraft:amethyst_block":71,"minecraft:string":11,"aquaculture:muskellunge":1,"minecraft:raw_copper":4,"biomesoplenty:tall_lavender":7,"minecraft:pufferfish":1,"botania:light_gray_double_flower":1,"minecraft:cobbled_deepslate":882,"minecraft:white_tulip":13,"minecraft:rose_bush":2,"minecraft:calcite":11,"biomesoplenty:redwood_wood":519,"minecraft:melon_slice":31,"minecraft:furnace":3,"minecraft:stick":614,"biomesoplenty:redwood_boat":6,"minecraft:polished_deepslate_stairs":49,"minecraft:torch":113,"minecraft:porkchop":47,"minecraft:diorite":22,"tombstone:grave_dust":2,"minecraft:vine":5,"minecraft:rotten_flesh":27,"aquaculture:algae":1,"biomesoplenty:redwood_fence":4,"biomesoplenty:mahogany_sapling":4,"minecraft:cod":2,"minecraft:cobblestone":172,"biomesoplenty:lavender":68,"minecraft:birch_log":12,"minecraft:feather":6,"biomesoplenty:flowering_oak_leaves":63,"minecraft:andesite":2,"minecraft:potato":5,"minecraft:tuff":86,"botania:magenta_mushroom":1,"minecraft:lapis_lazuli":58,"minecraft:dirt":1505,"minecraft:lantern":1,"minecraft:bone":3,"minecraft:stonecutter":1,"minecraft:orange_tulip":33,"minecraft:wheat_seeds":776,"minecraft:raw_gold":24,"artifacts:antidote_vessel":1,"minecraft:bamboo":144,"biomesoplenty:clover":37,"botania:red_mystical_flower":5,"biomesoplenty:jacaranda_boat":2,"minecraft:warped_wart_block":17,"minecraft:sand":434,"biomesoplenty:willow_boat":4,"minecraft:mossy_cobblestone":6,"minecraft:diamond":3,"waystones:waystone":1,"minecraft:granite":7,"minecraft:grass":4,"alexsmobs:maggot":2,"minecraft:oak_sapling":39,"botania:brown_mushroom":2,"minecraft:oak_leaves":164,"biomesoplenty:redwood_log":231,"minecraft:cocoa_beans":10,"minecraft:crafting_table":7,"minecraft:coarse_dirt":1,"minecraft:chicken":7,"minecraft:gold_block":2,"biomesoplenty:jacaranda_sapling":783,"biomesoplenty:sea_oats":70,"minecraft:cornflower":2,"biomesoplenty:jacaranda_fence":3,"minecraft:iron_axe":1,"minecraft:wooden_sword":1,"biomesoplenty:jacaranda_slab":2,"minecraft:beef":17,"minecraft:light_gray_wool":1,"minecraft:birch_sapling":5,"minecraft:chest":6,"minecraft:sugar_cane":100,"biomesoplenty:jacaranda_wood":78,"minecraft:egg":8,"minecraft:raw_iron":108,"aquaculture:perch":3,"minecraft:carrot":97,"minecraft:stone_shovel":1,"minecraft:arrow":4,"biomesoplenty:jacaranda_log":1287,"biomesoplenty:jacaranda_stairs":3,"minecraft:beetroot_seeds":1,"aquaculture:carp":3,"biomesoplenty:redwood_sapling":71,"minecraft:mutton":12,"minecraft:white_wool":4,"biomesoplenty:orange_sand":3,"minecraft:salmon":2,"biomesoplenty:goldenrod":13,"minecraft:leather":18,"minecraft:oak_log":80,"biomesoplenty:dune_grass":25,"biomesoplenty:jacaranda_planks":27,"minecraft:yellow_bed":2,"alexsmobs:mosquito_proboscis":1,"minecraft:cooked_mutton":7,"minecraft:apple":10,"biomesoplenty:redwood_fence_gate":2,"minecraft:warped_stem":1,"minecraft:iron_ingot":2,"minecraft:smooth_basalt":11,"minecraft:dandelion":14,"minecraft:gravel":10,"minecraft:amethyst_shard":68,"minecraft:spider_eye":1,"biomesoplenty:flowering_oak_sapling":19,"biomesoplenty:mahogany_log":67,"minecraft:gray_wool":1,"minecraft:warped_roots":1,"tombstone:magic_scroll":1,"minecraft:black_wool":2,"minecraft:coal":69},"minecraft:used":{"minecraft:iron_shovel":730,"minecraft:chest":17,"minecraft:iron_sword":176,"minecraft:grass":1,"biomesoplenty:redwood_fence":174,"minecraft:carrot":35,"minecraft:polished_deepslate_stairs":775,"minecraft:lantern":22,"minecraft:birch_sapling":5,"biomesoplenty:jacaranda_sapling":64,"minecraft:furnace":5,"minecraft:oak_sapling":4,"minecraft:egg":8,"minecraft:potato":5,"biomesoplenty:jacaranda_fence":18,"minecraft:diorite":13,"biomesoplenty:redwood_fence_gate":5,"minecraft:stone_pickaxe":247,"minecraft:wooden_pickaxe":59,"biomesoplenty:flowering_oak_sapling":19,"minecraft:sugar_cane":16,"minecraft:oak_leaves":71,"minecraft:sand":12,"minecraft:shears":245,"biomesoplenty:jacaranda_planks":723,"minecraft:lightning_rod":1,"minecraft:bread":57,"minecraft:melon_slice":2,"biomesoplenty:jacaranda_boat":2,"minecraft:wooden_sword":7,"biomesoplenty:flowering_oak_leaves":52,"minecraft:stone_sword":679,"minecraft:stone_shovel":970,"minecraft:stone_hoe":72,"minecraft:cooked_chicken":7,"minecraft:torch":417,"minecraft:dirt":694,"minecraft:granite":4,"biomesoplenty:jacaranda_slab":67,"biomesoplenty:willow_boat":3,"minecraft:wooden_axe":127,"biomesoplenty:jacaranda_wood":842,"minecraft:iron_axe":927,"biomesoplenty:redwood_wood":7,"biomesoplenty:tall_lavender":1,"biomesoplenty:redwood_boat":6,"biomesoplenty:jacaranda_stairs":19,"tombstone:gift":6,"minecraft:cooked_beef":7,"minecraft:cobbled_deepslate":7,"minecraft:wheat_seeds":299,"minecraft:cooked_mutton":11,"biomesoplenty:jacaranda_door":2,"minecraft:stonecutter":2,"minecraft:crafting_table":8,"minecraft:apple":10,"minecraft:iron_pickaxe":1310,"minecraft:stone_axe":1489,"minecraft:fishing_rod":15,"minecraft:cobblestone":22,"minecraft:cooked_porkchop":13,"minecraft:glass_pane":241,"minecraft:yellow_bed":2},"minecraft:dropped":{"minecraft:crafting_table":1,"minecraft:warped_roots":1,"minecraft:dirt":64,"minecraft:wooden_sword":3,"biomesoplenty:jacaranda_wood":1,"minecraft:rotten_flesh":2,"biomesoplenty:jacaranda_slab":1,"minecraft:beetroot_seeds":1,"minecraft:arrow":2,"minecraft:wheat_seeds":5,"minecraft:cobblestone":11,"minecraft:iron_axe":1,"biomesoplenty:sea_oats":6,"minecraft:tuff":10,"minecraft:stone_shovel":1},"minecraft:broken":{"minecraft:iron_shovel":2,"minecraft:shears":1,"minecraft:stone_pickaxe":1,"minecraft:stone_axe":9,"minecraft:wooden_axe":2,"minecraft:stone_shovel":7,"minecraft:stone_sword":1,"minecraft:wooden_pickaxe":1,"minecraft:iron_axe":3,"minecraft:iron_pickaxe":5},"minecraft:killed_by":{"alexsmobs:crocodile":1,"minecraft:zombie":1},"minecraft:mined":{"minecraft:large_amethyst_bud":2,"botania:red_mystical_flower":5,"minecraft:granite":6,"minecraft:grass_block":1105,"biomesoplenty:flowering_oak_leaves":66,"biomesoplenty:jacaranda_stairs":1,"botania:light_gray_mystical_flower":2,"minecraft:tall_seagrass":1,"biomesoplenty:tall_lavender":9,"minecraft:cobbled_deepslate":1,"minecraft:iron_ore":86,"minecraft:fire":19,"biomesoplenty:lavender":60,"biomesoplenty:redwood_fence":3,"minecraft:deepslate_lapis_ore":10,"biomesoplenty:redwood_log":218,"biomesoplenty:jacaranda_leaves":21,"minecraft:polished_deepslate_stairs":50,"biomesoplenty:jacaranda_planks":27,"biomesoplenty:jacaranda_slab":1,"minecraft:amethyst_cluster":17,"biomesoplenty:redwood_fence_gate":2,"minecraft:torch":24,"minecraft:calcite":11,"minecraft:melon":6,"minecraft:chest":6,"botania:brown_mushroom":1,"minecraft:sugar_cane":50,"botania:light_gray_double_flower":1,"minecraft:wall_torch":18,"biomesoplenty:goldenrod":13,"minecraft:amethyst_block":72,"minecraft:deepslate_copper_ore":2,"minecraft:seagrass":6,"minecraft:birch_log":12,"minecraft:wheat":241,"minecraft:orange_tulip":33,"minecraft:grass":826,"biomesoplenty:clover":16,"minecraft:oak_log":82,"minecraft:sand":425,"minecraft:dirt":268,"minecraft:smooth_basalt":12,"minecraft:stonecutter":1,"biomesoplenty:jacaranda_wood":79,"minecraft:oak_leaves":192,"minecraft:deepslate":903,"botania:magenta_mushroom":1,"minecraft:tuff":89,"minecraft:mossy_cobblestone":3,"minecraft:deepslate_diamond_ore":3,"farmersdelight:wild_carrots":10,"biomesoplenty:jacaranda_fence":3,"biomesoplenty:dune_grass":27,"minecraft:large_fern":1,"biomesoplenty:jacaranda_log":1328,"minecraft:furnace":3,"minecraft:carrots":25,"minecraft:andesite":2,"minecraft:gold_block":2,"biomesoplenty:sea_oats":80,"minecraft:potatoes":1,"minecraft:deepslate_iron_ore":22,"minecraft:vine":5,"minecraft:bamboo":8,"minecraft:stone":170,"minecraft:white_tulip":13,"biomesoplenty:orange_sand":3,"minecraft:crafting_table":6,"minecraft:rose_bush":2,"minecraft:tall_grass":88,"minecraft:deepslate_coal_ore":5,"biomesoplenty:sprout":2,"minecraft:deepslate_gold_ore":24,"minecraft:diorite":22,"minecraft:warped_wart_block":1,"farmersdelight:wild_beetroots":1,"minecraft:coarse_dirt":1,"biomesoplenty:mahogany_log":72,"minecraft:yellow_bed":2,"minecraft:coal_ore":64,"minecraft:cocoa":3,"minecraft:gravel":5,"biomesoplenty:flowering_oak_sapling":1,"biomesoplenty:redwood_wood":481,"minecraft:fern":11},"minecraft:custom":{"minecraft:animals_bred":32,"minecraft:interact_with_crafting_table":92,"minecraft:open_barrel":1,"minecraft:leave_game":5,"minecraft:time_since_death":33451,"minecraft:sprint_one_cm":2948351,"minecraft:drop":24,"minecraft:talked_to_villager":1,"minecraft:play_time":737648,"minecraft:deaths":3,"minecraft:jump":4602,"minecraft:interact_with_brewingstand":1,"minecraft:walk_on_water_one_cm":96652,"minecraft:interact_with_furnace":98,"minecraft:sleep_in_bed":2,"minecraft:damage_dealt":10191,"minecraft:crouch_one_cm":54659,"tombstone:undead_killed":22,"minecraft:horse_one_cm":68227,"minecraft:mob_kills":78,"minecraft:climb_one_cm":4434,"minecraft:walk_one_cm":1154619,"minecraft:sneak_time":15630,"minecraft:walk_under_water_one_cm":25334,"minecraft:boat_one_cm":627997,"minecraft:total_world_time":737648,"minecraft:interact_with_stonecutter":6,"minecraft:time_since_rest":30085,"minecraft:damage_taken":3005,"minecraft:swim_one_cm":180736,"minecraft:fly_one_cm":624422,"minecraft:open_chest":316,"minecraft:fish_caught":12,"minecraft:fall_one_cm":86248},"minecraft:killed":{"minecraft:spider":8,"minecraft:skeleton":4,"minecraft:chicken":7,"artifacts:mimic":1,"minecraft:pig":21,"alexsmobs:crimson_mosquito":1,"minecraft:sheep":8,"minecraft:zombie":18,"minecraft:cow":8,"alexsmobs:crow":2},"minecraft:crafted":{"minecraft:cooked_chicken":7,"minecraft:lightning_rod":1,"minecraft:stone":3,"minecraft:cooked_mutton":12,"minecraft:glass":220,"minecraft:iron_boots":1,"minecraft:chest":11,"minecraft:stone_hoe":1,"biomesoplenty:jacaranda_stairs":20,"minecraft:golden_boots":1,"biomesoplenty:jacaranda_planks":940,"minecraft:cooked_porkchop":47,"minecraft:crafting_table":3,"minecraft:wooden_pickaxe":1,"minecraft:iron_helmet":1,"minecraft:copper_ingot":4,"minecraft:birch_planks":12,"biomesoplenty:jacaranda_wood":786,"biomesoplenty:jacaranda_slab":66,"biomesoplenty:jacaranda_fence":30,"biomesoplenty:redwood_boat":1,"minecraft:iron_chestplate":1,"minecraft:book":8,"minecraft:paper":60,"minecraft:charcoal":97,"minecraft:stick":12,"minecraft:iron_ingot":108,"minecraft:iron_pickaxe":6,"minecraft:stone_sword":1,"minecraft:gold_ingot":16,"minecraft:shears":2,"minecraft:wooden_sword":2,"minecraft:stone_shovel":7,"minecraft:fishing_rod":1,"minecraft:golden_chestplate":1,"minecraft:iron_nugget":171,"minecraft:polished_deepslate_stairs":2,"minecraft:furnace":2,"minecraft:glass_pane":384,"minecraft:lantern":21,"minecraft:iron_axe":4,"minecraft:stone_pickaxe":2,"biomesoplenty:jacaranda_door":6,"minecraft:cooked_beef":14,"biomesoplenty:jacaranda_boat":1,"biomesoplenty:redwood_planks":572,"biomesoplenty:redwood_fence":183,"minecraft:iron_sword":1,"biomesoplenty:redwood_fence_gate":3,"minecraft:stone_axe":11,"minecraft:bread":64,"minecraft:air":0,"minecraft:wooden_axe":2,"minecraft:iron_shovel":3,"minecraft:iron_leggings":1,"minecraft:stonecutter":1,"minecraft:torch":476}},"DataVersion":3465}