{"stats":{"minecraft:broken":{"minecraft:iron_axe":2,"minecraft:stone_axe":8,"minecraft:wooden_axe":2,"minecraft:stone_shovel":7,"minecraft:wooden_pickaxe":1},"minecraft:crafted":{"minecraft:cooked_beef":9,"minecraft:stone_shovel":7,"biomesoplenty:jacaranda_planks":932,"minecraft:crafting_table":1,"biomesoplenty:redwood_fence":144,"biomesoplenty:redwood_planks":256,"minecraft:iron_helmet":1,"minecraft:wooden_pickaxe":1,"minecraft:cooked_chicken":6,"biomesoplenty:redwood_fence_gate":2,"minecraft:furnace":1,"biomesoplenty:jacaranda_wood":669,"minecraft:stone_axe":11,"minecraft:bread":17,"minecraft:cooked_mutton":5,"biomesoplenty:jacaranda_slab":12,"minecraft:air":0,"minecraft:glass_pane":160,"minecraft:glass":103,"biomesoplenty:redwood_boat":1,"minecraft:iron_boots":1,"minecraft:iron_chestplate":1,"minecraft:charcoal":33,"minecraft:iron_axe":2,"minecraft:stick":4,"minecraft:iron_ingot":34,"minecraft:stone_pickaxe":2,"minecraft:wooden_axe":2,"minecraft:stone_sword":1,"minecraft:chest":4,"minecraft:iron_shovel":1,"minecraft:torch":76,"minecraft:stone_hoe":1,"biomesoplenty:jacaranda_stairs":16},"minecraft:mined":{"botania:magenta_mushroom":1,"biomesoplenty:jacaranda_leaves":21,"biomesoplenty:jacaranda_planks":27,"botania:red_mystical_flower":5,"farmersdelight:wild_carrots":10,"biomesoplenty:redwood_fence_gate":2,"minecraft:crafting_table":2,"minecraft:torch":8,"minecraft:granite":2,"minecraft:grass_block":778,"biomesoplenty:jacaranda_stairs":1,"botania:brown_mushroom":1,"minecraft:tall_grass":62,"minecraft:sugar_cane":7,"minecraft:wall_torch":2,"minecraft:diorite":1,"minecraft:tall_seagrass":1,"minecraft:seagrass":6,"biomesoplenty:jacaranda_log":1262,"biomesoplenty:tall_lavender":9,"minecraft:iron_ore":34,"minecraft:wheat":75,"biomesoplenty:lavender":59,"biomesoplenty:redwood_fence":2,"minecraft:yellow_bed":1,"minecraft:grass":726,"minecraft:coal_ore":32,"minecraft:oak_log":81,"minecraft:gravel":5,"minecraft:sand":274,"minecraft:dirt":49,"minecraft:stone":114,"biomesoplenty:jacaranda_wood":70,"biomesoplenty:redwood_wood":331,"minecraft:oak_leaves":9,"minecraft:fern":4},"minecraft:used":{"minecraft:wheat_seeds":141,"minecraft:stone_sword":578,"minecraft:iron_shovel":121,"biomesoplenty:redwood_fence_gate":4,"minecraft:stone_pickaxe":133,"minecraft:stone_shovel":970,"minecraft:chest":4,"minecraft:wooden_pickaxe":59,"minecraft:sugar_cane":9,"minecraft:stone_hoe":72,"minecraft:cooked_chicken":6,"minecraft:torch":86,"minecraft:sand":12,"minecraft:dirt":375,"minecraft:crafting_table":3,"biomesoplenty:redwood_fence":78,"minecraft:carrot":5,"biomesoplenty:jacaranda_slab":6,"biomesoplenty:jacaranda_planks":723,"minecraft:wooden_axe":127,"minecraft:apple":10,"minecraft:bread":14,"biomesoplenty:redwood_wood":2,"minecraft:iron_axe":524,"biomesoplenty:jacaranda_wood":599,"biomesoplenty:tall_lavender":1,"biomesoplenty:redwood_boat":1,"biomesoplenty:jacaranda_stairs":15,"minecraft:stone_axe":1336,"biomesoplenty:jacaranda_sapling":64,"minecraft:furnace":1,"minecraft:glass_pane":87,"minecraft:yellow_bed":1,"minecraft:cooked_beef":5},"minecraft:killed":{"minecraft:skeleton":1,"minecraft:sheep":3,"minecraft:chicken":6,"alexsmobs:crow":2,"minecraft:cow":4},"minecraft:picked_up":{"biomesoplenty:lavender":67,"minecraft:crafting_table":2,"minecraft:wheat":66,"minecraft:feather":6,"minecraft:chicken":6,"minecraft:leather":7,"biomesoplenty:jacaranda_sapling":726,"minecraft:oak_log":80,"minecraft:yellow_bed":1,"biomesoplenty:jacaranda_planks":27,"botania:magenta_mushroom":1,"minecraft:cornflower":1,"minecraft:dirt":818,"minecraft:iron_axe":1,"biomesoplenty:tall_lavender":7,"minecraft:bone":1,"minecraft:apple":10,"biomesoplenty:jacaranda_slab":1,"biomesoplenty:redwood_fence_gate":2,"minecraft:wheat_seeds":289,"minecraft:beef":9,"biomesoplenty:redwood_wood":326,"minecraft:sugar_cane":15,"biomesoplenty:jacaranda_wood":70,"minecraft:egg":3,"minecraft:stick":462,"minecraft:raw_iron":34,"botania:red_mystical_flower":5,"minecraft:torch":13,"minecraft:dandelion":7,"minecraft:gravel":5,"minecraft:sand":272,"minecraft:diorite":1,"minecraft:carrot":10,"biomesoplenty:flowering_oak_sapling":17,"minecraft:arrow":1,"minecraft:stone_shovel":1,"biomesoplenty:jacaranda_log":1224,"biomesoplenty:redwood_fence":2,"biomesoplenty:jacaranda_stairs":1,"minecraft:granite":3,"minecraft:gray_wool":1,"biomesoplenty:redwood_sapling":21,"minecraft:oak_sapling":38,"botania:brown_mushroom":1,"minecraft:coal":32,"minecraft:mutton":5,"minecraft:white_wool":2,"minecraft:cobblestone":111},"minecraft:dropped":{"minecraft:stone_shovel":1,"biomesoplenty:jacaranda_wood":1,"biomesoplenty:jacaranda_slab":1,"minecraft:iron_axe":1},"minecraft:custom":{"minecraft:interact_with_furnace":30,"minecraft:mob_kills":16,"minecraft:animals_bred":4,"minecraft:interact_with_crafting_table":43,"minecraft:time_since_death":226793,"minecraft:sleep_in_bed":1,"minecraft:time_since_rest":58562,"minecraft:sprint_one_cm":968117,"minecraft:damage_taken":453,"minecraft:walk_one_cm":423667,"minecraft:drop":4,"minecraft:damage_dealt":1330,"minecraft:swim_one_cm":73262,"minecraft:fly_one_cm":159650,"minecraft:open_chest":54,"minecraft:crouch_one_cm":15132,"minecraft:play_time":226793,"tombstone:undead_killed":1,"minecraft:sneak_time":3430,"minecraft:walk_under_water_one_cm":11208,"minecraft:boat_one_cm":89024,"minecraft:jump":1164,"minecraft:walk_on_water_one_cm":49222,"minecraft:total_world_time":226793,"minecraft:fall_one_cm":18441}},"DataVersion":3465}