{"stats":{"minecraft:mined":{"botania:magenta_mushroom":1,"minecraft:large_amethyst_bud":1,"minecraft:tuff":46,"minecraft:mossy_cobblestone":3,"minecraft:deepslate_diamond_ore":1,"botania:red_mystical_flower":5,"farmersdelight:wild_carrots":10,"minecraft:granite":6,"minecraft:grass_block":784,"biomesoplenty:jacaranda_stairs":1,"minecraft:large_fern":1,"minecraft:tall_seagrass":1,"biomesoplenty:jacaranda_log":1262,"biomesoplenty:tall_lavender":9,"minecraft:carrots":13,"minecraft:iron_ore":81,"minecraft:cobbled_deepslate":1,"biomesoplenty:lavender":60,"minecraft:andesite":2,"biomesoplenty:redwood_fence":2,"minecraft:deepslate_lapis_ore":10,"biomesoplenty:redwood_log":18,"minecraft:deepslate_iron_ore":22,"minecraft:stone":159,"biomesoplenty:jacaranda_leaves":21,"minecraft:polished_deepslate_stairs":42,"biomesoplenty:jacaranda_planks":27,"minecraft:amethyst_cluster":12,"biomesoplenty:redwood_fence_gate":2,"minecraft:crafting_table":3,"minecraft:torch":12,"minecraft:calcite":11,"minecraft:rose_bush":2,"botania:brown_mushroom":1,"minecraft:tall_grass":65,"minecraft:deepslate_coal_ore":5,"biomesoplenty:sprout":1,"minecraft:deepslate_gold_ore":22,"minecraft:sugar_cane":38,"minecraft:diorite":22,"minecraft:wall_torch":8,"minecraft:amethyst_block":45,"minecraft:deepslate_copper_ore":2,"minecraft:seagrass":6,"minecraft:wheat":194,"minecraft:yellow_bed":1,"minecraft:grass":732,"biomesoplenty:clover":2,"minecraft:oak_log":81,"minecraft:coal_ore":51,"minecraft:gravel":5,"minecraft:sand":274,"minecraft:dirt":52,"minecraft:smooth_basalt":11,"biomesoplenty:jacaranda_wood":79,"biomesoplenty:redwood_wood":481,"minecraft:oak_leaves":9,"minecraft:deepslate":736,"minecraft:fern":6},"minecraft:killed":{"minecraft:spider":8,"minecraft:skeleton":4,"minecraft:chicken":7,"artifacts:mimic":1,"minecraft:pig":7,"minecraft:sheep":8,"minecraft:zombie":18,"alexsmobs:crow":2,"minecraft:cow":7},"minecraft:picked_up":{"biomesoplenty:redwood_log":18,"minecraft:crafting_table":3,"minecraft:wheat":186,"minecraft:chicken":7,"biomesoplenty:jacaranda_sapling":726,"minecraft:amethyst_block":43,"minecraft:cornflower":1,"minecraft:string":11,"minecraft:raw_copper":4,"minecraft:iron_axe":1,"minecraft:wooden_sword":1,"biomesoplenty:tall_lavender":7,"biomesoplenty:jacaranda_slab":1,"minecraft:cobbled_deepslate":720,"minecraft:beef":14,"minecraft:rose_bush":2,"minecraft:calcite":11,"minecraft:light_gray_wool":1,"biomesoplenty:redwood_wood":455,"minecraft:sugar_cane":76,"biomesoplenty:jacaranda_wood":78,"minecraft:egg":3,"minecraft:stick":475,"minecraft:raw_iron":103,"minecraft:polished_deepslate_stairs":41,"minecraft:torch":82,"minecraft:porkchop":14,"minecraft:diorite":22,"tombstone:grave_dust":2,"minecraft:carrot":55,"minecraft:arrow":4,"minecraft:rotten_flesh":20,"minecraft:stone_shovel":1,"biomesoplenty:jacaranda_log":1224,"biomesoplenty:jacaranda_stairs":1,"biomesoplenty:redwood_fence":3,"biomesoplenty:redwood_sapling":39,"minecraft:mutton":12,"minecraft:white_wool":4,"minecraft:cobblestone":161,"biomesoplenty:lavender":68,"minecraft:feather":6,"minecraft:andesite":2,"minecraft:leather":7,"minecraft:potato":1,"minecraft:tuff":47,"minecraft:oak_log":80,"minecraft:yellow_bed":1,"biomesoplenty:jacaranda_planks":27,"botania:magenta_mushroom":1,"minecraft:lapis_lazuli":58,"minecraft:dirt":827,"minecraft:cooked_mutton":7,"minecraft:bone":3,"minecraft:apple":10,"biomesoplenty:redwood_fence_gate":2,"minecraft:wheat_seeds":581,"minecraft:raw_gold":22,"artifacts:antidote_vessel":1,"botania:red_mystical_flower":5,"minecraft:smooth_basalt":10,"minecraft:dandelion":7,"minecraft:gravel":5,"minecraft:sand":272,"minecraft:amethyst_shard":48,"minecraft:spider_eye":1,"minecraft:mossy_cobblestone":3,"biomesoplenty:flowering_oak_sapling":17,"minecraft:diamond":1,"minecraft:granite":7,"minecraft:gray_wool":1,"tombstone:magic_scroll":1,"minecraft:oak_sapling":38,"minecraft:black_wool":2,"botania:brown_mushroom":1,"minecraft:coal":56},"minecraft:killed_by":{"minecraft:zombie":1},"minecraft:crafted":{"minecraft:wooden_sword":2,"minecraft:stone_shovel":7,"minecraft:polished_deepslate_stairs":2,"minecraft:cooked_chicken":7,"minecraft:furnace":1,"minecraft:stone":3,"minecraft:cooked_mutton":12,"minecraft:glass_pane":160,"minecraft:glass":103,"minecraft:iron_boots":1,"minecraft:iron_axe":4,"minecraft:stone_pickaxe":2,"minecraft:chest":4,"minecraft:stone_hoe":1,"biomesoplenty:jacaranda_stairs":16,"minecraft:cooked_beef":14,"biomesoplenty:jacaranda_planks":932,"minecraft:cooked_porkchop":14,"minecraft:crafting_table":2,"biomesoplenty:redwood_planks":260,"minecraft:wooden_pickaxe":1,"minecraft:iron_helmet":1,"biomesoplenty:redwood_fence":144,"minecraft:iron_sword":1,"biomesoplenty:redwood_fence_gate":2,"biomesoplenty:jacaranda_wood":741,"minecraft:stone_axe":11,"biomesoplenty:jacaranda_slab":12,"minecraft:bread":39,"minecraft:air":0,"biomesoplenty:redwood_boat":1,"minecraft:iron_chestplate":1,"minecraft:charcoal":33,"minecraft:stick":4,"minecraft:iron_ingot":102,"minecraft:iron_pickaxe":6,"minecraft:wooden_axe":2,"minecraft:stone_sword":1,"minecraft:iron_shovel":1,"minecraft:iron_leggings":1,"minecraft:stonecutter":1,"minecraft:torch":360},"minecraft:used":{"minecraft:stone_sword":679,"minecraft:iron_shovel":121,"minecraft:stone_shovel":970,"minecraft:chest":4,"minecraft:iron_sword":75,"minecraft:cooked_chicken":7,"minecraft:stone_hoe":72,"minecraft:torch":363,"minecraft:dirt":551,"biomesoplenty:redwood_fence":78,"minecraft:carrot":25,"minecraft:granite":4,"biomesoplenty:jacaranda_slab":6,"minecraft:polished_deepslate_stairs":478,"minecraft:wooden_axe":127,"biomesoplenty:redwood_wood":7,"minecraft:iron_axe":645,"biomesoplenty:jacaranda_wood":818,"biomesoplenty:tall_lavender":1,"biomesoplenty:redwood_boat":1,"biomesoplenty:jacaranda_stairs":15,"biomesoplenty:jacaranda_sapling":64,"minecraft:furnace":1,"tombstone:gift":6,"minecraft:potato":1,"minecraft:cooked_beef":7,"minecraft:cobbled_deepslate":3,"minecraft:cooked_mutton":4,"minecraft:wheat_seeds":252,"minecraft:diorite":13,"biomesoplenty:redwood_fence_gate":4,"minecraft:stone_pickaxe":247,"minecraft:wooden_pickaxe":59,"minecraft:stonecutter":1,"minecraft:sugar_cane":16,"minecraft:sand":12,"minecraft:crafting_table":5,"biomesoplenty:jacaranda_planks":723,"minecraft:apple":10,"minecraft:bread":30,"minecraft:iron_pickaxe":1017,"minecraft:stone_axe":1396,"minecraft:wooden_sword":7,"minecraft:cobblestone":22,"minecraft:cooked_porkchop":5,"minecraft:glass_pane":111,"minecraft:yellow_bed":1},"minecraft:dropped":{"minecraft:cobblestone":10,"minecraft:wooden_sword":3,"minecraft:iron_axe":1,"minecraft:tuff":10,"biomesoplenty:jacaranda_wood":1,"minecraft:stone_shovel":1,"minecraft:rotten_flesh":2,"biomesoplenty:jacaranda_slab":1,"minecraft:arrow":2},"minecraft:broken":{"minecraft:stone_sword":1,"minecraft:wooden_pickaxe":1,"minecraft:stone_pickaxe":1,"minecraft:iron_axe":2,"minecraft:stone_axe":8,"minecraft:iron_pickaxe":3,"minecraft:wooden_axe":2,"minecraft:stone_shovel":7},"minecraft:custom":{"minecraft:mob_kills":62,"minecraft:animals_bred":18,"minecraft:interact_with_crafting_table":57,"minecraft:open_barrel":1,"minecraft:leave_game":2,"minecraft:time_since_death":135587,"minecraft:sprint_one_cm":1563225,"minecraft:walk_one_cm":752974,"minecraft:drop":13,"minecraft:play_time":421736,"minecraft:sneak_time":9537,"minecraft:deaths":1,"minecraft:walk_under_water_one_cm":14071,"minecraft:boat_one_cm":136859,"minecraft:jump":2257,"minecraft:walk_on_water_one_cm":55700,"minecraft:total_world_time":421736,"minecraft:interact_with_furnace":57,"minecraft:interact_with_stonecutter":5,"minecraft:sleep_in_bed":1,"minecraft:time_since_rest":135459,"minecraft:damage_taken":1762,"minecraft:damage_dealt":8782,"minecraft:swim_one_cm":74912,"minecraft:fly_one_cm":286480,"minecraft:open_chest":121,"minecraft:crouch_one_cm":35116,"tombstone:undead_killed":22,"minecraft:fall_one_cm":41420}},"DataVersion":3465}