{"stats":{"minecraft:broken":{"minecraft:wooden_axe":1},"minecraft:used":{"minecraft:wooden_axe":103,"minecraft:crafting_table":2},"minecraft:crafted":{"minecraft:cherry_planks":12,"minecraft:crafting_table":1,"minecraft:stick":4,"minecraft:wooden_axe":2},"minecraft:mined":{"minecraft:pink_petals":3,"minecraft:grass":4,"minecraft:tall_grass":2,"minecraft:cherry_log":93,"minecraft:crafting_table":1},"minecraft:picked_up":{"minecraft:pink_petals":7,"minecraft:stick":36,"minecraft:crafting_table":1,"minecraft:cherry_planks":1,"minecraft:cherry_sapling":33,"minecraft:cherry_log":67},"minecraft:custom":{"minecraft:time_since_rest":3939,"minecraft:crouch_one_cm":172,"minecraft:play_time":3939,"minecraft:sprint_one_cm":13671,"minecraft:walk_one_cm":13491,"minecraft:sneak_time":43,"minecraft:jump":99,"minecraft:damage_dealt":160,"minecraft:leave_game":1,"minecraft:time_since_death":3939,"minecraft:total_world_time":3939,"minecraft:fall_one_cm":3253,"minecraft:interact_with_crafting_table":3,"minecraft:fly_one_cm":17439}},"DataVersion":3465}