{"stats":{"minecraft:mined":{"minecraft:piston_head":2,"botania:green_mystical_flower":2,"minecraft:spruce_planks":1,"minecraft:white_bed":2,"minecraft:mossy_cobblestone":2,"minecraft:lever":2,"minecraft:blast_furnace":1,"minecraft:redstone_wire":7,"biomesoplenty:high_grass_plant":43,"minecraft:tall_grass":1,"minecraft:cobblestone":5,"biomesoplenty:huge_clover_petal":2,"botania:black_mystical_flower":2,"minecraft:chiseled_stone_bricks":2,"minecraft:hay_block":9,"farmersdelight:wild_beetroots":2,"botania:cyan_mystical_flower":3,"farmersdelight:sandy_shrub":1,"biomesoplenty:orange_cosmos":2,"biomesoplenty:mahogany_log":63,"minecraft:sticky_piston":1,"minecraft:grass":5,"biomesoplenty:high_grass":29,"botania:gray_mystical_flower":1,"minecraft:tripwire_hook":1,"botania:magenta_double_flower":1,"minecraft:tripwire":7,"minecraft:fern":2},"minecraft:killed":{"minecraft:zombie_villager":1,"alexsmobs:seal":1,"minecraft:sheep":4,"minecraft:pillager":2,"alexsmobs:crocodile":1,"alexsmobs:bison":2,"aquaculture:atlantic_herring":1,"minecraft:cow":7},"minecraft:picked_up":{"cgm:basic_bullet":35,"minecraft:leather":6,"minecraft:brown_wool":1,"alexsmobs:bison_fur":1,"minecraft:string":7,"botania:black_mystical_flower":2,"minecraft:sticky_piston":3,"botania:cyan_mystical_flower":2,"minecraft:beetroot":1,"minecraft:wheat_seeds":2,"minecraft:spruce_planks":1,"minecraft:beef":30,"botania:gray_mystical_flower":1,"minecraft:chiseled_stone_bricks":2,"minecraft:blast_furnace":1,"minecraft:white_bed":2,"minecraft:redstone":7,"minecraft:mossy_cobblestone":2,"cgm:pistol":2,"biomesoplenty:mahogany_log":58,"minecraft:beetroot_seeds":1,"biomesoplenty:mahogany_sapling":1,"minecraft:lever":2,"minecraft:hay_block":9,"minecraft:white_wool":2,"minecraft:mutton":5,"botania:green_mystical_flower":2,"botania:magenta_double_flower":1,"biomesoplenty:orange_cosmos":2,"minecraft:cobblestone":5},"minecraft:crafted":{"minecraft:crafting_table":2,"biomesoplenty:mahogany_planks":16,"minecraft:wooden_pickaxe":1,"minecraft:bread":27,"minecraft:stick":4,"minecraft:wooden_axe":1,"minecraft:wheat":81},"minecraft:killed_by":{"minecraft:player":3},"minecraft:used":{"cgm:pistol":66,"minecraft:wooden_pickaxe":22,"biomesoplenty:orange_cosmos":1,"minecraft:crafting_table":2,"minecraft:wooden_axe":61,"minecraft:bread":7,"biomesoplenty:mahogany_sapling":1,"tombstone:gift":1},"minecraft:dropped":{"farmersdelight:tomato_seeds":1,"cgm:pistol":1,"minecraft:wheat_seeds":2,"minecraft:lever":1,"minecraft:mossy_cobblestone":2,"minecraft:sticky_piston":3,"botania:black_mystical_flower":2,"botania:magenta_double_flower":1,"minecraft:cobblestone":5,"botania:gray_mystical_flower":1,"biomesoplenty:orange_cosmos":1,"alexsmobs:bison_fur":1,"minecraft:chiseled_stone_bricks":1,"cgm:basic_bullet":1,"minecraft:spruce_planks":1,"minecraft:beetroot_seeds":1,"minecraft:brown_wool":1},"minecraft:broken":{"minecraft:wooden_axe":1},"minecraft:custom":{"minecraft:mob_kills":19,"tombstone:raider_killed":2,"minecraft:interact_with_crafting_table":2,"minecraft:time_since_death":26032,"minecraft:climb_one_cm":1425,"minecraft:time_since_rest":25742,"minecraft:sprint_one_cm":187792,"minecraft:walk_one_cm":102255,"minecraft:damage_taken":966,"minecraft:drop":20,"minecraft:damage_dealt":43,"minecraft:swim_one_cm":34774,"minecraft:talked_to_villager":1,"minecraft:fly_one_cm":291219,"minecraft:player_kills":2,"minecraft:open_chest":12,"minecraft:crouch_one_cm":1037,"minecraft:play_time":41477,"tombstone:undead_killed":1,"minecraft:deaths":3,"minecraft:sneak_time":598,"minecraft:walk_under_water_one_cm":8160,"minecraft:boat_one_cm":36476,"minecraft:jump":1085,"minecraft:walk_on_water_one_cm":11249,"minecraft:total_world_time":41477,"minecraft:fall_one_cm":35174,"minecraft:horse_one_cm":190160}},"DataVersion":3465}