{"stats":{"minecraft:mined":{"minecraft:piston_head":2,"farmersdelight:wild_beetroots":1,"minecraft:mossy_cobblestone":1,"biomesoplenty:orange_cosmos":1,"biomesoplenty:mahogany_log":63,"minecraft:sticky_piston":1,"minecraft:lever":1,"minecraft:redstone_wire":5,"botania:gray_mystical_flower":1,"minecraft:cobblestone":4,"botania:black_mystical_flower":2,"minecraft:tripwire":5,"minecraft:fern":1,"minecraft:chiseled_stone_bricks":1},"minecraft:picked_up":{"minecraft:chiseled_stone_bricks":1,"minecraft:redstone":5,"minecraft:string":5,"minecraft:mossy_cobblestone":1,"botania:black_mystical_flower":2,"cgm:pistol":1,"minecraft:sticky_piston":3,"biomesoplenty:mahogany_log":58,"minecraft:beetroot":1,"minecraft:beetroot_seeds":1,"minecraft:wheat_seeds":1,"biomesoplenty:mahogany_sapling":1,"minecraft:lever":1,"botania:gray_mystical_flower":1,"biomesoplenty:orange_cosmos":1,"minecraft:cobblestone":4},"minecraft:crafted":{"minecraft:crafting_table":1,"minecraft:stick":4,"biomesoplenty:mahogany_planks":12,"minecraft:wooden_pickaxe":1,"minecraft:wooden_axe":1},"minecraft:used":{"minecraft:wooden_axe":61,"cgm:pistol":3,"minecraft:wooden_pickaxe":12,"minecraft:crafting_table":1},"minecraft:broken":{"minecraft:wooden_axe":1},"minecraft:custom":{"minecraft:time_since_rest":5477,"minecraft:sprint_one_cm":20193,"minecraft:damage_taken":36,"minecraft:walk_one_cm":20259,"minecraft:damage_dealt":43,"minecraft:player_kills":1,"minecraft:swim_one_cm":1019,"minecraft:interact_with_crafting_table":1,"minecraft:fly_one_cm":18255,"minecraft:open_chest":2,"minecraft:play_time":5477,"minecraft:walk_under_water_one_cm":232,"minecraft:jump":64,"minecraft:walk_on_water_one_cm":375,"minecraft:time_since_death":5477,"minecraft:total_world_time":5477,"minecraft:fall_one_cm":1314}},"DataVersion":3465}