{"stats":{"minecraft:mined":{"minecraft:piston_head":2,"botania:green_mystical_flower":2,"minecraft:spruce_planks":1,"minecraft:white_bed":1,"minecraft:mossy_cobblestone":1,"minecraft:lever":1,"minecraft:blast_furnace":1,"minecraft:redstone_wire":5,"biomesoplenty:high_grass_plant":43,"minecraft:tall_grass":1,"minecraft:cobblestone":4,"biomesoplenty:huge_clover_petal":2,"botania:black_mystical_flower":2,"minecraft:chiseled_stone_bricks":1,"minecraft:hay_block":9,"farmersdelight:wild_beetroots":2,"botania:cyan_mystical_flower":3,"farmersdelight:sandy_shrub":1,"biomesoplenty:orange_cosmos":2,"biomesoplenty:mahogany_log":63,"minecraft:sticky_piston":1,"minecraft:grass":5,"biomesoplenty:high_grass":29,"botania:gray_mystical_flower":1,"botania:magenta_double_flower":1,"minecraft:tripwire":5,"minecraft:fern":2},"minecraft:killed":{"minecraft:zombie_villager":1,"alexsmobs:seal":1,"minecraft:sheep":3,"minecraft:pillager":2,"alexsmobs:crocodile":1,"alexsmobs:bison":2,"aquaculture:atlantic_herring":1,"minecraft:cow":5},"minecraft:picked_up":{"cgm:basic_bullet":35,"minecraft:leather":5,"minecraft:brown_wool":1,"alexsmobs:bison_fur":1,"minecraft:string":5,"botania:black_mystical_flower":2,"minecraft:sticky_piston":3,"botania:cyan_mystical_flower":2,"minecraft:beetroot":1,"minecraft:wheat_seeds":2,"minecraft:spruce_planks":1,"minecraft:beef":26,"botania:gray_mystical_flower":1,"minecraft:chiseled_stone_bricks":1,"minecraft:blast_furnace":1,"minecraft:white_bed":1,"minecraft:redstone":5,"minecraft:mossy_cobblestone":1,"cgm:pistol":2,"biomesoplenty:mahogany_log":58,"minecraft:beetroot_seeds":1,"biomesoplenty:mahogany_sapling":1,"minecraft:lever":1,"minecraft:hay_block":9,"minecraft:white_wool":2,"minecraft:mutton":5,"botania:green_mystical_flower":2,"botania:magenta_double_flower":1,"biomesoplenty:orange_cosmos":2,"minecraft:cobblestone":4},"minecraft:crafted":{"minecraft:crafting_table":2,"biomesoplenty:mahogany_planks":16,"minecraft:wooden_pickaxe":1,"minecraft:bread":27,"minecraft:stick":4,"minecraft:wooden_axe":1,"minecraft:wheat":81},"minecraft:killed_by":{"minecraft:player":3},"minecraft:used":{"cgm:pistol":58,"minecraft:wooden_pickaxe":13,"biomesoplenty:orange_cosmos":1,"minecraft:crafting_table":2,"minecraft:wooden_axe":61,"minecraft:bread":5,"tombstone:gift":1},"minecraft:dropped":{"farmersdelight:tomato_seeds":1,"cgm:pistol":1,"minecraft:wheat_seeds":2,"minecraft:mossy_cobblestone":1,"minecraft:sticky_piston":3,"botania:black_mystical_flower":2,"botania:magenta_double_flower":1,"minecraft:cobblestone":4,"botania:gray_mystical_flower":1,"biomesoplenty:orange_cosmos":1,"alexsmobs:bison_fur":1,"minecraft:chiseled_stone_bricks":1,"cgm:basic_bullet":1,"minecraft:spruce_planks":1,"minecraft:beetroot_seeds":1},"minecraft:broken":{"minecraft:wooden_axe":1},"minecraft:custom":{"minecraft:mob_kills":16,"tombstone:raider_killed":2,"minecraft:interact_with_crafting_table":2,"minecraft:time_since_death":14032,"minecraft:climb_one_cm":608,"minecraft:time_since_rest":13742,"minecraft:sprint_one_cm":130916,"minecraft:walk_one_cm":77636,"minecraft:damage_taken":868,"minecraft:drop":16,"minecraft:damage_dealt":43,"minecraft:swim_one_cm":27847,"minecraft:fly_one_cm":206656,"minecraft:player_kills":2,"minecraft:open_chest":6,"minecraft:crouch_one_cm":922,"minecraft:play_time":29477,"tombstone:undead_killed":1,"minecraft:deaths":3,"minecraft:sneak_time":539,"minecraft:walk_under_water_one_cm":7371,"minecraft:boat_one_cm":36476,"minecraft:jump":781,"minecraft:walk_on_water_one_cm":8533,"minecraft:total_world_time":29477,"minecraft:fall_one_cm":21892}},"DataVersion":3465}