{"stats":{"minecraft:mined":{"minecraft:spruce_planks":1,"minecraft:white_bed":4,"minecraft:mossy_cobblestone":2,"minecraft:deepslate_diamond_ore":3,"minecraft:dark_oak_log":18,"biomesoplenty:mahogany_door":1,"minecraft:glow_lichen":1,"minecraft:lever":2,"minecraft:granite":27,"minecraft:grass_block":130,"minecraft:redstone_wire":7,"minecraft:chiseled_stone_bricks":2,"minecraft:spawner":2,"minecraft:hay_block":9,"biomesoplenty:jacaranda_log":5,"minecraft:redstone_ore":1,"minecraft:dark_oak_trapdoor":4,"biomesoplenty:orange_cosmos":2,"minecraft:iron_ore":67,"minecraft:sticky_piston":1,"minecraft:andesite":32,"minecraft:pointed_dripstone":1,"biomesoplenty:high_grass":29,"minecraft:deepslate_iron_ore":1,"biomesoplenty:jacaranda_trapdoor":3,"minecraft:stone":421,"minecraft:tripwire":7,"minecraft:piston_head":2,"botania:green_mystical_flower":2,"minecraft:torch":4,"minecraft:dark_oak_wood":4,"minecraft:blast_furnace":2,"minecraft:chest":5,"biomesoplenty:high_grass_plant":43,"minecraft:tall_grass":11,"minecraft:copper_ore":17,"minecraft:cobblestone":101,"biomesoplenty:huge_clover_petal":2,"minecraft:lapis_ore":8,"minecraft:deepslate_gold_ore":1,"minecraft:sugar_cane":25,"minecraft:diorite":26,"minecraft:wall_torch":10,"botania:black_mystical_flower":2,"farmersdelight:wild_beetroots":2,"botania:cyan_mystical_flower":3,"farmersdelight:sandy_shrub":1,"biomesoplenty:mahogany_log":63,"minecraft:birch_log":7,"minecraft:wheat":11,"minecraft:grass":50,"minecraft:oak_log":55,"minecraft:coal_ore":75,"minecraft:dripstone_block":16,"minecraft:gravel":19,"minecraft:sand":146,"minecraft:dirt":70,"botania:gray_mystical_flower":1,"minecraft:cobweb":8,"minecraft:tripwire_hook":1,"minecraft:stone_bricks":10,"minecraft:gold_ore":9,"botania:magenta_double_flower":1,"minecraft:deepslate":77,"minecraft:fern":2},"minecraft:killed":{"alexsmobs:raccoon":1,"minecraft:skeleton":6,"alexsmobs:bison":3,"aquaculture:atlantic_herring":1,"minecraft:zombie_villager":1,"alexsmobs:seal":1,"minecraft:creeper":2,"minecraft:sheep":6,"minecraft:pillager":2,"minecraft:zombie":7,"alexsmobs:crocodile":1,"minecraft:cow":14},"minecraft:picked_up":{"minecraft:wheat":10,"cgm:basic_bullet":35,"minecraft:dark_oak_trapdoor":3,"minecraft:string":14,"minecraft:raw_copper":57,"minecraft:sticky_piston":3,"minecraft:beetroot":1,"minecraft:cobbled_deepslate":64,"minecraft:spruce_planks":1,"minecraft:beef":30,"minecraft:sugar_cane":47,"minecraft:chest":5,"minecraft:egg":6,"minecraft:dark_oak_door":1,"minecraft:stick":12,"minecraft:raw_iron":68,"minecraft:oak_fence":3,"minecraft:torch":21,"minecraft:pointed_dripstone":2,"minecraft:diorite":25,"minecraft:redstone":11,"biomesoplenty:jacaranda_trapdoor":3,"minecraft:arrow":4,"minecraft:rotten_flesh":8,"biomesoplenty:jacaranda_log":5,"minecraft:beetroot_seeds":1,"biomesoplenty:mahogany_sapling":1,"minecraft:hay_block":9,"botania:green_mystical_flower":2,"minecraft:mutton":7,"botania:magenta_double_flower":1,"biomesoplenty:orange_cosmos":2,"minecraft:cobblestone":521,"minecraft:white_wool":4,"minecraft:birch_log":7,"minecraft:cooked_beef":20,"minecraft:andesite":34,"minecraft:brown_wool":1,"minecraft:leather":14,"alexsmobs:bison_fur":1,"minecraft:flint":3,"minecraft:oak_log":54,"minecraft:gunpowder":3,"minecraft:lapis_lazuli":52,"minecraft:dirt":272,"botania:black_mystical_flower":2,"securitycraft:reinforced_stone_button":8,"minecraft:bone":6,"botania:cyan_mystical_flower":4,"minecraft:stone_bricks":8,"minecraft:wheat_seeds":63,"minecraft:raw_gold":10,"botania:gray_mystical_flower":1,"minecraft:oak_planks":3,"minecraft:chiseled_stone_bricks":2,"minecraft:dripstone_block":16,"minecraft:gravel":32,"minecraft:sand":140,"minecraft:blast_furnace":2,"minecraft:ink_sac":1,"minecraft:white_bed":4,"minecraft:dark_oak_log":18,"minecraft:mossy_cobblestone":2,"minecraft:bundle":1,"cgm:pistol":3,"biomesoplenty:mahogany_log":58,"minecraft:diamond":3,"waystones:waystone":2,"biomesoplenty:mahogany_door":1,"minecraft:lever":2,"minecraft:granite":27,"minecraft:bread":4,"minecraft:baked_potato":1,"minecraft:oak_sapling":11,"minecraft:dark_oak_wood":4,"minecraft:coal":75},"minecraft:killed_by":{"minecraft:player":3},"minecraft:crafted":{"minecraft:oak_planks":32,"travelersbackpack:crafting_upgrade":1,"biomesoplenty:mahogany_planks":88,"minecraft:dark_oak_wood":3,"minecraft:furnace":5,"minecraft:stone_button":8,"minecraft:dark_oak_trapdoor":6,"minecraft:stone":258,"securitycraft:keypad_item":1,"minecraft:heavy_weighted_pressure_plate":1,"travelersbackpack:gold_tier_upgrade":1,"travelersbackpack:blank_upgrade":4,"minecraft:glass_pane":16,"securitycraft:laser_block":1,"minecraft:dark_oak_door":3,"minecraft:glass":109,"travelersbackpack:white_sleeping_bag":1,"minecraft:iron_axe":1,"minecraft:ladder":48,"minecraft:stone_pickaxe":1,"minecraft:chest":4,"minecraft:redstone_block":1,"biomesoplenty:jacaranda_trapdoor":6,"minecraft:dark_oak_planks":152,"minecraft:stone_bricks":4,"minecraft:wheat":81,"minecraft:wooden_shovel":1,"biomesoplenty:jacaranda_planks":20,"minecraft:dark_oak_stairs":16,"minecraft:crafting_table":7,"travelersbackpack:backpack_tank":4,"minecraft:wooden_pickaxe":1,"travelersbackpack:standard":3,"minecraft:smithing_table":1,"minecraft:birch_planks":28,"minecraft:bucket":1,"minecraft:bread":27,"minecraft:air":0,"minecraft:oak_boat":1,"minecraft:dark_oak_slab":6,"biomesoplenty:mahogany_door":3,"minecraft:stick":156,"minecraft:iron_ingot":45,"minecraft:iron_pickaxe":4,"minecraft:wooden_axe":1,"minecraft:stonecutter":1,"minecraft:iron_shovel":1,"minecraft:torch":92,"securitycraft:universal_block_reinforcer_lvl1":1},"minecraft:used":{"minecraft:iron_shovel":254,"minecraft:ladder":29,"minecraft:chest":7,"biomesoplenty:orange_cosmos":1,"minecraft:wooden_shovel":12,"minecraft:torch":89,"minecraft:dirt":255,"securitycraft:keypad_item":1,"minecraft:golden_shovel":33,"minecraft:granite":1,"minecraft:wooden_axe":61,"minecraft:iron_axe":184,"minecraft:dark_oak_wood":4,"minecraft:dark_oak_slab":3,"minecraft:stone_bricks":235,"biomesoplenty:mahogany_sapling":1,"minecraft:golden_sword":24,"minecraft:furnace":5,"tombstone:gift":2,"minecraft:egg":2,"minecraft:cooked_beef":3,"minecraft:wheat_seeds":11,"minecraft:dark_oak_stairs":2,"minecraft:water_bucket":37,"minecraft:diorite":1,"minecraft:bundle":1,"minecraft:baked_potato":1,"cgm:pistol":66,"minecraft:stone_pickaxe":9,"minecraft:wooden_pickaxe":35,"minecraft:stonecutter":1,"minecraft:golden_apple":1,"minecraft:dark_oak_trapdoor":8,"minecraft:crafting_table":6,"minecraft:blast_furnace":2,"biomesoplenty:mahogany_door":2,"minecraft:white_bed":3,"minecraft:dark_oak_door":2,"biomesoplenty:jacaranda_trapdoor":9,"minecraft:dark_oak_log":19,"minecraft:bread":42,"minecraft:iron_pickaxe":891,"minecraft:gravel":18,"travelersbackpack:standard":9,"minecraft:cobblestone":145,"minecraft:smithing_table":1,"minecraft:bucket":38,"minecraft:oak_boat":1},"minecraft:dropped":{"farmersdelight:tomato_seeds":1,"minecraft:iron_ingot":2,"minecraft:bread":6,"minecraft:wheat_seeds":10,"minecraft:mossy_cobblestone":2,"botania:black_mystical_flower":2,"botania:magenta_double_flower":1,"minecraft:cobblestone":6,"botania:gray_mystical_flower":1,"biomesoplenty:orange_cosmos":1,"alexsmobs:bison_fur":1,"minecraft:flint":1,"minecraft:stick":2,"minecraft:torch":1,"minecraft:brown_wool":1,"tombstone:grave_dust":1,"cgm:pistol":2,"minecraft:lever":1,"minecraft:sticky_piston":3,"minecraft:chiseled_stone_bricks":1,"cgm:basic_bullet":1,"botania:cyan_mystical_flower":2,"minecraft:spruce_planks":1,"minecraft:andesite":9,"minecraft:beetroot_seeds":1,"minecraft:arrow":2,"minecraft:egg":4},"minecraft:broken":{"minecraft:iron_shovel":1,"minecraft:golden_shovel":1,"minecraft:golden_sword":1,"minecraft:iron_pickaxe":3,"minecraft:wooden_axe":1},"minecraft:custom":{"minecraft:interact_with_smithing_table":10,"minecraft:mob_kills":51,"minecraft:animals_bred":5,"minecraft:open_barrel":9,"minecraft:interact_with_crafting_table":82,"minecraft:leave_game":5,"minecraft:time_since_death":237698,"minecraft:climb_one_cm":9094,"minecraft:sprint_one_cm":490177,"minecraft:walk_one_cm":567099,"minecraft:drop":42,"minecraft:talked_to_villager":1,"minecraft:play_time":253143,"minecraft:sneak_time":3612,"minecraft:deaths":3,"minecraft:walk_under_water_one_cm":21921,"minecraft:boat_one_cm":121166,"minecraft:jump":3364,"minecraft:interact_with_blast_furnace":8,"minecraft:walk_on_water_one_cm":38954,"minecraft:total_world_time":253143,"minecraft:interact_with_furnace":58,"tombstone:raider_killed":2,"minecraft:interact_with_stonecutter":11,"minecraft:time_since_rest":237408,"minecraft:damage_absorbed":40,"minecraft:damage_taken":2547,"minecraft:damage_dealt":4930,"minecraft:swim_one_cm":53202,"minecraft:player_kills":2,"minecraft:fly_one_cm":670979,"minecraft:open_chest":87,"minecraft:crouch_one_cm":11866,"tombstone:undead_killed":14,"minecraft:interact_with_smoker":1,"minecraft:fall_one_cm":90896,"minecraft:horse_one_cm":1760918}},"DataVersion":3465}