{"stats":{"minecraft:broken":{"minecraft:golden_sword":1,"minecraft:wooden_axe":1},"minecraft:crafted":{"biomesoplenty:mahogany_planks":56,"minecraft:furnace":1,"minecraft:glass":12,"travelersbackpack:white_sleeping_bag":1,"minecraft:stone_pickaxe":1,"minecraft:chest":2,"minecraft:wheat":81,"minecraft:wooden_shovel":1,"minecraft:crafting_table":4,"travelersbackpack:backpack_tank":2,"minecraft:wooden_pickaxe":1,"travelersbackpack:standard":1,"minecraft:bread":27,"minecraft:air":0,"minecraft:stick":16,"minecraft:iron_pickaxe":1,"minecraft:wooden_axe":1,"minecraft:torch":20},"minecraft:mined":{"minecraft:spruce_planks":1,"minecraft:white_bed":2,"minecraft:mossy_cobblestone":2,"minecraft:lever":2,"minecraft:granite":1,"minecraft:grass_block":4,"minecraft:redstone_wire":7,"minecraft:chiseled_stone_bricks":2,"minecraft:spawner":2,"minecraft:hay_block":9,"biomesoplenty:orange_cosmos":2,"minecraft:iron_ore":16,"minecraft:sticky_piston":1,"minecraft:andesite":8,"minecraft:pointed_dripstone":1,"biomesoplenty:high_grass":29,"minecraft:stone":47,"minecraft:tripwire":7,"minecraft:piston_head":2,"botania:green_mystical_flower":2,"minecraft:blast_furnace":2,"biomesoplenty:high_grass_plant":43,"minecraft:tall_grass":1,"minecraft:copper_ore":3,"minecraft:cobblestone":6,"minecraft:lapis_ore":3,"biomesoplenty:huge_clover_petal":2,"botania:black_mystical_flower":2,"minecraft:wall_torch":7,"farmersdelight:wild_beetroots":2,"botania:cyan_mystical_flower":3,"farmersdelight:sandy_shrub":1,"biomesoplenty:mahogany_log":63,"minecraft:grass":6,"minecraft:coal_ore":8,"minecraft:dripstone_block":1,"minecraft:gravel":1,"minecraft:sand":12,"minecraft:dirt":16,"botania:gray_mystical_flower":1,"minecraft:cobweb":8,"minecraft:tripwire_hook":1,"minecraft:gold_ore":9,"botania:magenta_double_flower":1,"minecraft:fern":2},"minecraft:killed_by":{"minecraft:player":3},"minecraft:used":{"minecraft:chest":1,"biomesoplenty:orange_cosmos":1,"minecraft:wooden_shovel":12,"minecraft:torch":28,"minecraft:wooden_axe":61,"biomesoplenty:mahogany_sapling":1,"minecraft:golden_sword":24,"minecraft:furnace":1,"tombstone:gift":1,"cgm:pistol":66,"minecraft:stone_pickaxe":9,"minecraft:wooden_pickaxe":35,"minecraft:golden_apple":1,"minecraft:crafting_table":4,"minecraft:blast_furnace":2,"minecraft:white_bed":1,"minecraft:bread":16,"minecraft:iron_pickaxe":90,"minecraft:cobblestone":44,"travelersbackpack:standard":2},"minecraft:killed":{"alexsmobs:bison":2,"aquaculture:atlantic_herring":1,"minecraft:zombie_villager":1,"alexsmobs:seal":1,"minecraft:sheep":6,"minecraft:pillager":2,"alexsmobs:crocodile":1,"minecraft:cow":7},"minecraft:picked_up":{"cgm:basic_bullet":35,"minecraft:string":14,"minecraft:raw_copper":9,"minecraft:sticky_piston":3,"minecraft:beetroot":1,"minecraft:spruce_planks":1,"minecraft:beef":30,"minecraft:stick":2,"minecraft:raw_iron":16,"minecraft:oak_fence":3,"minecraft:torch":9,"minecraft:pointed_dripstone":1,"minecraft:redstone":7,"minecraft:beetroot_seeds":1,"biomesoplenty:mahogany_sapling":1,"minecraft:hay_block":9,"botania:green_mystical_flower":2,"minecraft:mutton":7,"botania:magenta_double_flower":1,"biomesoplenty:orange_cosmos":2,"minecraft:cobblestone":63,"minecraft:white_wool":4,"minecraft:andesite":10,"minecraft:leather":6,"minecraft:brown_wool":1,"alexsmobs:bison_fur":1,"minecraft:lapis_lazuli":18,"minecraft:dirt":29,"botania:black_mystical_flower":2,"botania:cyan_mystical_flower":4,"minecraft:wheat_seeds":2,"minecraft:raw_gold":9,"botania:gray_mystical_flower":1,"minecraft:oak_planks":3,"minecraft:chiseled_stone_bricks":2,"minecraft:dripstone_block":1,"minecraft:sand":12,"minecraft:blast_furnace":2,"minecraft:white_bed":2,"minecraft:mossy_cobblestone":2,"cgm:pistol":2,"biomesoplenty:mahogany_log":58,"waystones:waystone":1,"minecraft:lever":2,"minecraft:granite":1,"minecraft:coal":8},"minecraft:dropped":{"farmersdelight:tomato_seeds":1,"minecraft:wheat_seeds":2,"minecraft:mossy_cobblestone":2,"botania:black_mystical_flower":2,"botania:magenta_double_flower":1,"minecraft:cobblestone":6,"botania:gray_mystical_flower":1,"biomesoplenty:orange_cosmos":1,"alexsmobs:bison_fur":1,"minecraft:stick":2,"minecraft:brown_wool":1,"tombstone:grave_dust":1,"cgm:pistol":1,"minecraft:lever":1,"minecraft:sticky_piston":3,"minecraft:chiseled_stone_bricks":1,"cgm:basic_bullet":1,"botania:cyan_mystical_flower":2,"minecraft:spruce_planks":1,"minecraft:andesite":1,"minecraft:beetroot_seeds":1},"minecraft:custom":{"minecraft:mob_kills":24,"minecraft:interact_with_crafting_table":22,"minecraft:leave_game":2,"minecraft:time_since_death":60658,"minecraft:climb_one_cm":1425,"minecraft:sprint_one_cm":260183,"minecraft:walk_one_cm":164490,"minecraft:drop":25,"minecraft:talked_to_villager":1,"minecraft:play_time":76103,"minecraft:deaths":3,"minecraft:sneak_time":1218,"minecraft:walk_under_water_one_cm":12374,"minecraft:boat_one_cm":36476,"minecraft:jump":1359,"minecraft:interact_with_blast_furnace":1,"minecraft:walk_on_water_one_cm":15037,"minecraft:total_world_time":76103,"minecraft:interact_with_furnace":3,"tombstone:raider_killed":2,"minecraft:time_since_rest":60368,"minecraft:damage_taken":1423,"minecraft:damage_absorbed":40,"minecraft:damage_dealt":658,"minecraft:swim_one_cm":37327,"minecraft:fly_one_cm":323423,"minecraft:player_kills":2,"minecraft:open_chest":26,"minecraft:crouch_one_cm":3058,"tombstone:undead_killed":1,"minecraft:fall_one_cm":40233,"minecraft:horse_one_cm":823389}},"DataVersion":3465}