{"stats":{"minecraft:mined":{"biomesoplenty:wildflower":2,"biomesoplenty:desert_grass":1,"minecraft:crafting_table":4,"biomesoplenty:bush":1,"farmersdelight:tomatoes":4,"minecraft:tall_grass":2,"farmersdelight:cabbages":1,"travelersbackpack:white_sleeping_bag":2,"minecraft:sugar_cane":3,"minecraft:hay_block":43,"minecraft:birch_log":7,"minecraft:iron_ore":2,"minecraft:grass":4,"minecraft:coal_ore":10,"minecraft:oak_log":3,"minecraft:sand":7,"minecraft:stone":15,"minecraft:oak_leaves":4},"minecraft:used":{"minecraft:stone_pickaxe":24,"minecraft:birch_boat":1,"minecraft:wooden_pickaxe":3,"minecraft:crafting_table":4,"minecraft:bread":5,"travelersbackpack:white_sleeping_bag":2,"minecraft:stone_axe":30,"minecraft:furnace":1},"minecraft:custom":{"minecraft:interact_with_furnace":5,"minecraft:mob_kills":12,"minecraft:interact_with_crafting_table":7,"minecraft:interact_with_stonecutter":1,"minecraft:time_since_death":23285,"minecraft:time_since_rest":23285,"minecraft:sprint_one_cm":72156,"minecraft:damage_taken":141,"minecraft:walk_one_cm":65148,"minecraft:drop":3,"minecraft:damage_dealt":1180,"minecraft:swim_one_cm":4725,"minecraft:fly_one_cm":93699,"minecraft:open_chest":3,"minecraft:crouch_one_cm":55,"minecraft:play_time":23285,"minecraft:sneak_time":16,"minecraft:walk_under_water_one_cm":1383,"minecraft:boat_one_cm":61161,"minecraft:jump":483,"minecraft:interact_with_brewingstand":1,"minecraft:walk_on_water_one_cm":1781,"minecraft:total_world_time":23285,"minecraft:fall_one_cm":15949},"minecraft:crafted":{"minecraft:cooked_beef":9,"minecraft:oak_planks":12,"minecraft:crafting_table":1,"minecraft:wooden_pickaxe":1,"minecraft:birch_boat":1,"minecraft:furnace":1,"minecraft:birch_planks":28,"minecraft:stone_axe":1,"minecraft:bread":78,"minecraft:cooked_mutton":2,"minecraft:air":0,"travelersbackpack:white_sleeping_bag":1,"minecraft:stick":4,"minecraft:iron_ingot":2,"minecraft:stone_pickaxe":1,"minecraft:wheat":234},"minecraft:dropped":{"minecraft:cobblestone":1,"minecraft:oak_planks":6},"minecraft:killed":{"minecraft:pig":1,"alexsmobs:emu":1,"minecraft:sheep":4,"alexsmobs:gazelle":2,"minecraft:cow":4},"minecraft:picked_up":{"minecraft:birch_log":7,"minecraft:crafting_table":4,"minecraft:feather":1,"minecraft:leather":6,"minecraft:oak_log":3,"alexsmobs:gazelle_horn":2,"farmersdelight:tomato":1,"minecraft:wheat_seeds":1,"alexsmobs:emu_feather":1,"minecraft:beef":9,"biomesoplenty:wildflower":2,"minecraft:sugar_cane":5,"minecraft:oak_planks":3,"minecraft:birch_sapling":1,"farmersdelight:cabbage_seeds":1,"minecraft:stick":2,"minecraft:raw_iron":2,"minecraft:porkchop":3,"minecraft:sand":7,"farmersdelight:tomato_seeds":4,"travelersbackpack:white_sleeping_bag":2,"minecraft:hay_block":43,"minecraft:oak_sapling":4,"minecraft:melon_seeds":1,"minecraft:mutton":6,"minecraft:coal":10,"minecraft:cobblestone":15,"minecraft:white_wool":4}},"DataVersion":3465}