{"stats":{"minecraft:mined":{"minecraft:spruce_planks":1,"minecraft:white_bed":3,"minecraft:mossy_cobblestone":2,"minecraft:deepslate_diamond_ore":3,"biomesoplenty:mahogany_door":1,"minecraft:glow_lichen":1,"minecraft:lever":2,"minecraft:granite":26,"minecraft:grass_block":122,"minecraft:redstone_wire":7,"minecraft:chiseled_stone_bricks":2,"minecraft:spawner":2,"minecraft:hay_block":9,"biomesoplenty:orange_cosmos":2,"minecraft:iron_ore":19,"minecraft:sticky_piston":1,"minecraft:andesite":32,"minecraft:pointed_dripstone":1,"biomesoplenty:high_grass":29,"minecraft:stone":201,"minecraft:tripwire":7,"minecraft:piston_head":2,"botania:green_mystical_flower":2,"minecraft:torch":2,"minecraft:blast_furnace":2,"biomesoplenty:high_grass_plant":43,"minecraft:tall_grass":1,"minecraft:copper_ore":9,"minecraft:cobblestone":6,"biomesoplenty:huge_clover_petal":2,"minecraft:lapis_ore":3,"minecraft:diorite":24,"minecraft:wall_torch":10,"botania:black_mystical_flower":2,"farmersdelight:wild_beetroots":2,"botania:cyan_mystical_flower":3,"farmersdelight:sandy_shrub":1,"biomesoplenty:mahogany_log":63,"minecraft:birch_log":7,"minecraft:grass":15,"minecraft:oak_log":50,"minecraft:coal_ore":20,"minecraft:dripstone_block":16,"minecraft:gravel":1,"minecraft:sand":12,"minecraft:dirt":40,"botania:gray_mystical_flower":1,"minecraft:cobweb":8,"minecraft:tripwire_hook":1,"minecraft:gold_ore":9,"botania:magenta_double_flower":1,"minecraft:deepslate":77,"minecraft:fern":2},"minecraft:killed":{"minecraft:skeleton":1,"alexsmobs:bison":2,"aquaculture:atlantic_herring":1,"minecraft:zombie_villager":1,"alexsmobs:seal":1,"minecraft:sheep":6,"minecraft:pillager":2,"minecraft:zombie":2,"alexsmobs:crocodile":1,"minecraft:cow":7},"minecraft:picked_up":{"cgm:basic_bullet":35,"minecraft:string":14,"minecraft:raw_copper":31,"minecraft:sticky_piston":3,"minecraft:beetroot":1,"minecraft:cobbled_deepslate":64,"minecraft:spruce_planks":1,"minecraft:beef":30,"minecraft:egg":1,"minecraft:stick":10,"minecraft:raw_iron":19,"minecraft:oak_fence":3,"minecraft:torch":14,"minecraft:pointed_dripstone":1,"minecraft:diorite":23,"minecraft:redstone":7,"minecraft:rotten_flesh":2,"minecraft:beetroot_seeds":1,"biomesoplenty:mahogany_sapling":1,"minecraft:hay_block":9,"botania:green_mystical_flower":2,"minecraft:mutton":7,"botania:magenta_double_flower":1,"biomesoplenty:orange_cosmos":2,"minecraft:cobblestone":216,"minecraft:white_wool":4,"minecraft:birch_log":7,"minecraft:andesite":34,"minecraft:brown_wool":1,"minecraft:leather":6,"alexsmobs:bison_fur":1,"minecraft:oak_log":49,"minecraft:lapis_lazuli":18,"minecraft:dirt":170,"botania:black_mystical_flower":2,"minecraft:bone":2,"botania:cyan_mystical_flower":4,"minecraft:wheat_seeds":19,"minecraft:raw_gold":9,"botania:gray_mystical_flower":1,"minecraft:oak_planks":3,"minecraft:chiseled_stone_bricks":2,"minecraft:dripstone_block":14,"minecraft:sand":12,"minecraft:blast_furnace":2,"minecraft:white_bed":3,"minecraft:mossy_cobblestone":2,"cgm:pistol":2,"biomesoplenty:mahogany_log":58,"minecraft:diamond":3,"waystones:waystone":2,"biomesoplenty:mahogany_door":1,"minecraft:lever":2,"minecraft:granite":26,"minecraft:baked_potato":1,"minecraft:oak_sapling":11,"minecraft:coal":20},"minecraft:crafted":{"biomesoplenty:mahogany_planks":68,"minecraft:furnace":2,"minecraft:glass":12,"travelersbackpack:white_sleeping_bag":1,"minecraft:iron_axe":1,"minecraft:stone_pickaxe":1,"minecraft:chest":3,"minecraft:wheat":81,"minecraft:wooden_shovel":1,"minecraft:crafting_table":5,"travelersbackpack:backpack_tank":2,"minecraft:wooden_pickaxe":1,"travelersbackpack:standard":1,"minecraft:bucket":1,"minecraft:bread":27,"minecraft:air":0,"biomesoplenty:mahogany_door":3,"minecraft:stick":24,"minecraft:iron_ingot":4,"minecraft:iron_pickaxe":2,"minecraft:wooden_axe":1,"minecraft:iron_shovel":1,"minecraft:torch":60},"minecraft:killed_by":{"minecraft:player":3},"minecraft:used":{"minecraft:iron_shovel":116,"minecraft:chest":2,"biomesoplenty:orange_cosmos":1,"minecraft:wooden_shovel":12,"minecraft:torch":58,"minecraft:dirt":100,"minecraft:golden_shovel":25,"minecraft:granite":1,"minecraft:wooden_axe":61,"minecraft:iron_axe":81,"biomesoplenty:mahogany_sapling":1,"minecraft:golden_sword":24,"minecraft:furnace":2,"tombstone:gift":1,"minecraft:water_bucket":18,"cgm:pistol":66,"minecraft:stone_pickaxe":9,"minecraft:wooden_pickaxe":35,"minecraft:golden_apple":1,"minecraft:crafting_table":5,"minecraft:blast_furnace":2,"biomesoplenty:mahogany_door":2,"minecraft:white_bed":2,"minecraft:bread":24,"minecraft:iron_pickaxe":442,"travelersbackpack:standard":5,"minecraft:cobblestone":44,"minecraft:bucket":19},"minecraft:dropped":{"farmersdelight:tomato_seeds":1,"minecraft:bread":2,"minecraft:wheat_seeds":2,"minecraft:mossy_cobblestone":2,"botania:black_mystical_flower":2,"botania:magenta_double_flower":1,"minecraft:cobblestone":6,"botania:gray_mystical_flower":1,"biomesoplenty:orange_cosmos":1,"alexsmobs:bison_fur":1,"minecraft:stick":2,"minecraft:brown_wool":1,"tombstone:grave_dust":1,"cgm:pistol":1,"minecraft:lever":1,"minecraft:sticky_piston":3,"minecraft:chiseled_stone_bricks":1,"cgm:basic_bullet":1,"botania:cyan_mystical_flower":2,"minecraft:spruce_planks":1,"minecraft:andesite":1,"minecraft:beetroot_seeds":1},"minecraft:broken":{"minecraft:golden_sword":1,"minecraft:iron_pickaxe":1,"minecraft:wooden_axe":1},"minecraft:custom":{"minecraft:mob_kills":28,"minecraft:interact_with_crafting_table":31,"minecraft:leave_game":4,"minecraft:time_since_death":108955,"minecraft:climb_one_cm":1425,"minecraft:sprint_one_cm":309533,"minecraft:walk_one_cm":267310,"minecraft:drop":27,"minecraft:talked_to_villager":1,"minecraft:play_time":124400,"minecraft:deaths":3,"minecraft:sneak_time":1701,"minecraft:walk_under_water_one_cm":15253,"minecraft:boat_one_cm":36476,"minecraft:jump":1933,"minecraft:interact_with_blast_furnace":1,"minecraft:walk_on_water_one_cm":25049,"minecraft:total_world_time":124400,"minecraft:interact_with_furnace":6,"tombstone:raider_killed":2,"minecraft:time_since_rest":108665,"minecraft:damage_absorbed":40,"minecraft:damage_taken":1587,"minecraft:damage_dealt":1373,"minecraft:swim_one_cm":37327,"minecraft:fly_one_cm":395357,"minecraft:player_kills":2,"minecraft:open_chest":36,"minecraft:crouch_one_cm":5732,"tombstone:undead_killed":4,"minecraft:fall_one_cm":47811,"minecraft:horse_one_cm":1709799}},"DataVersion":3465}