{"stats":{"minecraft:used":{"minecraft:birch_planks":1,"minecraft:stone_pickaxe":24,"minecraft:birch_boat":1,"minecraft:wooden_pickaxe":3,"minecraft:crafting_table":4,"minecraft:bread":7,"travelersbackpack:white_sleeping_bag":4,"minecraft:stone_axe":71,"minecraft:furnace":1},"minecraft:mined":{"minecraft:spruce_planks":14,"minecraft:jungle_slab":2,"biomesoplenty:wildflower":2,"biomesoplenty:desert_grass":1,"minecraft:crafting_table":4,"minecraft:jungle_stairs":2,"biomesoplenty:bush":1,"minecraft:jungle_planks":4,"farmersdelight:tomatoes":4,"minecraft:tall_grass":2,"farmersdelight:cabbages":1,"travelersbackpack:white_sleeping_bag":4,"minecraft:sugar_cane":7,"minecraft:spruce_stairs":3,"minecraft:seagrass":1,"minecraft:hay_block":43,"minecraft:birch_log":7,"minecraft:iron_ore":2,"minecraft:spruce_log":2,"minecraft:grass":4,"minecraft:coal_ore":10,"minecraft:oak_log":3,"minecraft:sand":14,"minecraft:stone":15,"minecraft:oak_leaves":4},"minecraft:custom":{"minecraft:interact_with_furnace":5,"minecraft:mob_kills":15,"minecraft:interact_with_crafting_table":7,"minecraft:interact_with_stonecutter":1,"minecraft:leave_game":1,"minecraft:time_since_death":29703,"minecraft:time_since_rest":29703,"minecraft:sprint_one_cm":87658,"minecraft:damage_taken":203,"minecraft:walk_one_cm":77785,"minecraft:drop":5,"minecraft:damage_dealt":1579,"minecraft:swim_one_cm":4725,"minecraft:fly_one_cm":126471,"minecraft:open_chest":3,"minecraft:crouch_one_cm":106,"minecraft:play_time":29703,"tombstone:undead_killed":1,"minecraft:sneak_time":80,"minecraft:walk_under_water_one_cm":1576,"minecraft:boat_one_cm":135951,"minecraft:jump":799,"minecraft:interact_with_brewingstand":1,"minecraft:walk_on_water_one_cm":3207,"minecraft:total_world_time":29703,"minecraft:fall_one_cm":20160},"minecraft:crafted":{"minecraft:cooked_beef":9,"minecraft:oak_planks":12,"minecraft:crafting_table":1,"minecraft:wooden_pickaxe":1,"minecraft:birch_boat":1,"minecraft:furnace":1,"minecraft:birch_planks":28,"minecraft:stone_axe":1,"minecraft:bread":78,"minecraft:cooked_mutton":2,"minecraft:air":0,"travelersbackpack:white_sleeping_bag":1,"minecraft:stick":4,"minecraft:iron_ingot":2,"minecraft:stone_pickaxe":1,"minecraft:wheat":234},"minecraft:dropped":{"minecraft:feather":1,"minecraft:cobblestone":1,"minecraft:oak_planks":6,"minecraft:spruce_stairs":1},"minecraft:killed":{"minecraft:pig":3,"alexsmobs:emu":1,"minecraft:sheep":4,"alexsmobs:gazelle":2,"alexsmobs:skelewag":1,"minecraft:cow":4},"minecraft:picked_up":{"minecraft:birch_log":7,"minecraft:crafting_table":4,"minecraft:feather":1,"minecraft:leather":6,"minecraft:oak_log":3,"alexsmobs:gazelle_horn":2,"farmersdelight:tomato":1,"minecraft:bone":2,"minecraft:wheat_seeds":1,"alexsmobs:emu_feather":1,"farmersdelight:cabbage":1,"minecraft:spruce_planks":11,"minecraft:beef":9,"biomesoplenty:wildflower":2,"minecraft:sugar_cane":9,"minecraft:oak_planks":3,"minecraft:birch_sapling":1,"farmersdelight:cabbage_seeds":4,"minecraft:stick":2,"minecraft:raw_iron":2,"minecraft:spruce_stairs":1,"minecraft:jungle_planks":3,"minecraft:porkchop":8,"minecraft:sand":14,"farmersdelight:tomato_seeds":4,"minecraft:jungle_slab":2,"travelersbackpack:white_sleeping_bag":4,"minecraft:hay_block":43,"minecraft:oak_sapling":4,"minecraft:melon_seeds":1,"minecraft:mutton":6,"minecraft:coal":10,"minecraft:cobblestone":15,"minecraft:white_wool":4}},"DataVersion":3465}