{"stats":{"minecraft:killed":{"alexsmobs:seal":2,"minecraft:pillager":1},"minecraft:picked_up":{"cgm:pistol":3,"biomesoplenty:mahogany_log":2,"cgm:heavy_rifle":1},"minecraft:used":{"cgm:pistol":1,"cgm:heavy_rifle":9},"minecraft:dropped":{"cgm:pistol":5,"cgm:advanced_bullet":60,"cgm:heavy_rifle":1,"cgm:basic_bullet":83},"minecraft:custom":{"minecraft:open_chest":1,"minecraft:time_since_rest":29291,"minecraft:play_time":29291,"minecraft:crouch_one_cm":373,"minecraft:sprint_one_cm":64762,"minecraft:walk_one_cm":75288,"minecraft:sneak_time":789,"minecraft:walk_under_water_one_cm":579,"minecraft:mob_kills":3,"minecraft:drop":149,"minecraft:jump":138,"tombstone:raider_killed":1,"minecraft:time_since_death":29291,"minecraft:walk_on_water_one_cm":1863,"minecraft:total_world_time":29291,"minecraft:swim_one_cm":3435,"minecraft:fly_one_cm":248945}},"DataVersion":3465}