{"stats":{"minecraft:broken":{"minecraft:wooden_axe":1},"minecraft:crafted":{"minecraft:oak_planks":292,"minecraft:crafting_table":1,"biomesoplenty:mahogany_planks":2,"minecraft:wooden_pickaxe":1,"travelersbackpack:standard":1,"minecraft:oak_boat":1,"minecraft:iron_axe":1,"minecraft:stick":32,"minecraft:iron_pickaxe":1,"minecraft:iron_ingot":11,"minecraft:wooden_axe":1,"minecraft:iron_shovel":2,"minecraft:gold_ingot":4},"minecraft:mined":{"minecraft:oak_sapling":1,"farmersdelight:rich_soil":1,"minecraft:brewing_stand":1,"minecraft:grass_block":3,"minecraft:copper_ore":1,"minecraft:tall_grass":2,"botania:blue_mystical_flower":4,"minecraft:sugar_cane":5,"minecraft:oak_planks":4,"botania:light_gray_mystical_flower":4,"botania:magenta_mystical_flower":8,"minecraft:iron_ore":17,"biomesoplenty:lavender":1,"minecraft:spruce_log":6,"minecraft:coal_ore":22,"minecraft:grass":33,"biomesoplenty:clover":1,"minecraft:oak_log":77,"minecraft:dirt":1,"minecraft:stone":16,"biomesoplenty:redwood_wood":1},"minecraft:used":{"tombstone:scroll_of_knowledge":5,"minecraft:flint_and_steel":9,"cgm:pistol":1,"minecraft:oak_planks":406,"minecraft:chest":1,"minecraft:spruce_planks":70,"minecraft:wooden_pickaxe":1,"minecraft:sugar_cane":12,"biomesoplenty:mahogany_log":1,"minecraft:torch":39,"minecraft:dirt":132,"securitycraft:keypad_item":1,"minecraft:crafting_table":2,"minecraft:spruce_stairs":6,"minecraft:blast_furnace":1,"minecraft:spruce_fence":37,"minecraft:smoker":1,"minecraft:obsidian":11,"minecraft:sticky_piston":3,"minecraft:wooden_axe":69,"minecraft:apple":1,"minecraft:iron_axe":51,"minecraft:chicken":1,"minecraft:grass_block":65,"minecraft:spruce_button":1,"minecraft:iron_pickaxe":57,"minecraft:dark_oak_slab":70,"minecraft:golden_sword":10,"minecraft:cobblestone":26,"travelersbackpack:standard":1,"minecraft:oak_sapling":25,"minecraft:furnace":1,"minecraft:smithing_table":1,"minecraft:yellow_bed":1,"minecraft:oak_boat":1,"minecraft:cooked_beef":10,"cgm:heavy_rifle":30},"minecraft:killed":{"minecraft:pig":1,"alexsmobs:raccoon":2,"alexsmobs:seal":2,"alexsmobs:tasmanian_devil":1,"minecraft:pillager":1,"minecraft:zombie":1,"alexsmobs:blue_jay":1,"alexsmobs:banana_slug":1,"minecraft:chicken":1,"alexsmobs:bison":1,"alexsmobs:crow":1},"minecraft:picked_up":{"biomesoplenty:lavender":3,"farmersdelight:rich_soil":1,"minecraft:bee_nest":1,"minecraft:chicken":1,"minecraft:feather":2,"minecraft:cooked_beef":7,"minecraft:tripwire_hook":1,"minecraft:leather":1,"minecraft:brewing_stand":1,"minecraft:oak_log":77,"cgm:heavy_rifle":2,"minecraft:dirt":4,"minecraft:raw_copper":5,"artifacts:power_glove":1,"botania:magenta_mystical_flower":8,"minecraft:apple":2,"minecraft:wheat_seeds":13,"alexsmobs:raccoon_tail":1,"minecraft:sugar_cane":12,"biomesoplenty:redwood_wood":1,"cgm:advanced_bullet":1,"minecraft:oak_planks":4,"minecraft:egg":4,"minecraft:stick":21,"minecraft:raw_iron":17,"minecraft:gravel":3,"minecraft:porkchop":3,"minecraft:spruce_sapling":2,"minecraft:spruce_log":6,"alexsmobs:animal_dictionary":1,"cgm:pistol":3,"biomesoplenty:mahogany_log":2,"botania:light_gray_mystical_flower":4,"tombstone:scroll_of_knowledge":1,"botania:blue_mystical_flower":4,"alexsmobs:banana_slug_slime":1,"minecraft:oak_sapling":32,"minecraft:coal":22,"minecraft:cobblestone":16},"minecraft:dropped":{"cgm:advanced_bullet":81,"cgm:pistol":5,"artifacts:power_glove":1,"minecraft:cooked_beef":3,"alexsmobs:animal_dictionary":1,"minecraft:dark_oak_slab":1,"minecraft:leather":2,"minecraft:spruce_stairs":1,"minecraft:grass_block":1,"cgm:basic_bullet":83,"cgm:heavy_rifle":2},"minecraft:custom":{"minecraft:interact_with_smithing_table":2,"minecraft:interact_with_furnace":12,"minecraft:mob_kills":13,"tombstone:raider_killed":1,"minecraft:interact_with_crafting_table":15,"minecraft:open_barrel":4,"minecraft:leave_game":10,"minecraft:time_since_death":352866,"minecraft:climb_one_cm":2164,"minecraft:time_since_rest":352866,"minecraft:waystone_activated":1,"minecraft:sprint_one_cm":612288,"minecraft:damage_taken":486,"minecraft:walk_one_cm":810830,"minecraft:drop":161,"minecraft:damage_dealt":640,"minecraft:swim_one_cm":48657,"minecraft:talked_to_villager":4,"minecraft:player_kills":1,"minecraft:fly_one_cm":1643255,"tombstone:undead_killed":1,"minecraft:open_chest":25,"minecraft:crouch_one_cm":16436,"minecraft:play_time":352866,"minecraft:sneak_time":8322,"minecraft:walk_under_water_one_cm":3944,"minecraft:boat_one_cm":69480,"minecraft:interact_with_brewingstand":1,"minecraft:jump":1948,"minecraft:interact_with_blast_furnace":6,"minecraft:walk_on_water_one_cm":17673,"minecraft:interact_with_smoker":2,"minecraft:total_world_time":352866,"minecraft:fall_one_cm":16078}},"DataVersion":3465}