{"stats":{"minecraft:crafted":{"minecraft:oak_planks":58,"minecraft:crafting_table":1,"biomesoplenty:mahogany_planks":2,"minecraft:wooden_pickaxe":1,"travelersbackpack:standard":1,"minecraft:stick":32,"minecraft:wooden_axe":1},"minecraft:mined":{"farmersdelight:rich_soil":1,"minecraft:brewing_stand":1,"minecraft:tall_grass":1,"botania:light_gray_mystical_flower":4,"botania:magenta_mystical_flower":8,"minecraft:iron_ore":3,"minecraft:grass":21,"biomesoplenty:clover":1,"minecraft:oak_log":16},"minecraft:used":{"tombstone:scroll_of_knowledge":5,"minecraft:flint_and_steel":9,"cgm:pistol":1,"minecraft:oak_planks":184,"minecraft:chest":1,"minecraft:spruce_planks":70,"minecraft:wooden_pickaxe":1,"biomesoplenty:mahogany_log":1,"minecraft:torch":39,"minecraft:dirt":132,"securitycraft:keypad_item":1,"minecraft:crafting_table":2,"minecraft:spruce_stairs":6,"minecraft:blast_furnace":1,"minecraft:spruce_fence":37,"minecraft:smoker":1,"minecraft:obsidian":11,"minecraft:sticky_piston":3,"minecraft:wooden_axe":13,"minecraft:apple":1,"minecraft:chicken":1,"minecraft:grass_block":65,"minecraft:spruce_button":1,"minecraft:iron_pickaxe":4,"minecraft:dark_oak_slab":70,"minecraft:cobblestone":26,"travelersbackpack:standard":1,"minecraft:furnace":1,"minecraft:smithing_table":1,"minecraft:yellow_bed":1,"minecraft:cooked_beef":4,"cgm:heavy_rifle":26},"minecraft:killed":{"alexsmobs:seal":2,"minecraft:pillager":1,"alexsmobs:blue_jay":1,"minecraft:chicken":1,"alexsmobs:bison":1},"minecraft:picked_up":{"biomesoplenty:lavender":2,"farmersdelight:rich_soil":1,"minecraft:bee_nest":1,"minecraft:chicken":1,"minecraft:feather":2,"minecraft:cooked_beef":7,"minecraft:tripwire_hook":1,"minecraft:leather":1,"minecraft:brewing_stand":1,"minecraft:oak_log":16,"cgm:heavy_rifle":2,"artifacts:power_glove":1,"botania:magenta_mystical_flower":8,"minecraft:wheat_seeds":13,"cgm:advanced_bullet":1,"minecraft:egg":3,"minecraft:stick":5,"minecraft:raw_iron":3,"minecraft:gravel":3,"alexsmobs:animal_dictionary":1,"cgm:pistol":3,"biomesoplenty:mahogany_log":2,"botania:light_gray_mystical_flower":4,"tombstone:scroll_of_knowledge":1,"minecraft:oak_sapling":7},"minecraft:dropped":{"cgm:advanced_bullet":81,"cgm:pistol":5,"artifacts:power_glove":1,"minecraft:cooked_beef":3,"alexsmobs:animal_dictionary":1,"minecraft:dark_oak_slab":1,"minecraft:leather":2,"minecraft:spruce_stairs":1,"cgm:basic_bullet":83,"cgm:heavy_rifle":2},"minecraft:custom":{"minecraft:interact_with_smithing_table":2,"minecraft:interact_with_furnace":5,"minecraft:mob_kills":6,"tombstone:raider_killed":1,"minecraft:interact_with_crafting_table":6,"minecraft:open_barrel":3,"minecraft:leave_game":9,"minecraft:time_since_death":293951,"minecraft:climb_one_cm":2164,"minecraft:time_since_rest":293951,"minecraft:sprint_one_cm":373825,"minecraft:damage_taken":310,"minecraft:walk_one_cm":641539,"minecraft:drop":160,"minecraft:damage_dealt":10,"minecraft:swim_one_cm":23531,"minecraft:talked_to_villager":4,"minecraft:fly_one_cm":1555402,"minecraft:open_chest":16,"minecraft:crouch_one_cm":7251,"minecraft:play_time":293951,"minecraft:sneak_time":6376,"minecraft:walk_under_water_one_cm":3724,"minecraft:interact_with_brewingstand":1,"minecraft:jump":1321,"minecraft:interact_with_blast_furnace":3,"minecraft:walk_on_water_one_cm":11970,"minecraft:interact_with_smoker":1,"minecraft:total_world_time":293951,"minecraft:fall_one_cm":6039}},"DataVersion":3465}