{"stats":{"minecraft:used":{"alexsmobs:animal_dictionary":4},"minecraft:custom":{"minecraft:jump":66,"minecraft:open_chest":1,"minecraft:time_since_rest":70796,"minecraft:crouch_one_cm":221,"minecraft:leave_game":2,"minecraft:play_time":70796,"minecraft:sprint_one_cm":2370,"minecraft:time_since_death":70796,"minecraft:walk_on_water_one_cm":554,"minecraft:walk_one_cm":28915,"minecraft:sneak_time":771,"minecraft:total_world_time":70796,"minecraft:walk_under_water_one_cm":11,"minecraft:drop":1,"minecraft:fly_one_cm":266230},"minecraft:dropped":{"artifacts:villager_hat":1}},"DataVersion":3465}