{"stats":{"minecraft:dropped":{"minecraft:cherry_planks":1},"minecraft:used":{"minecraft:wooden_axe":25},"minecraft:picked_up":{"minecraft:cherry_sapling":21,"minecraft:stick":15,"minecraft:cherry_log":40},"minecraft:crafted":{"minecraft:cherry_planks":8,"minecraft:stick":4,"minecraft:wooden_axe":1},"minecraft:mined":{"minecraft:grass":2,"minecraft:cherry_log":24},"minecraft:custom":{"minecraft:jump":99,"minecraft:time_since_rest":8013,"minecraft:sprint_one_cm":16737,"minecraft:play_time":8013,"minecraft:damage_taken":80,"minecraft:time_since_death":8013,"minecraft:walk_one_cm":27565,"minecraft:total_world_time":8013,"minecraft:fall_one_cm":894,"minecraft:interact_with_crafting_table":2,"minecraft:drop":1,"minecraft:fly_one_cm":9271,"minecraft:leave_game":1}},"DataVersion":3465}