{"stats":{"minecraft:picked_up":{"cgm:pistol":1,"biomesoplenty:mahogany_log":2},"minecraft:dropped":{"cgm:pistol":2},"minecraft:custom":{"minecraft:jump":88,"minecraft:time_since_rest":17291,"minecraft:crouch_one_cm":249,"minecraft:walk_on_water_one_cm":548,"minecraft:sprint_one_cm":26744,"minecraft:play_time":17291,"minecraft:time_since_death":17291,"minecraft:walk_one_cm":46678,"minecraft:sneak_time":237,"minecraft:total_world_time":17291,"minecraft:drop":2,"minecraft:fly_one_cm":50517}},"DataVersion":3465}