{"stats":{"minecraft:crafted":{"minecraft:oak_planks":58,"minecraft:crafting_table":1,"minecraft:stick":32,"biomesoplenty:mahogany_planks":2,"minecraft:wooden_pickaxe":1,"travelersbackpack:standard":1,"minecraft:wooden_axe":1},"minecraft:mined":{"botania:magenta_mystical_flower":8,"minecraft:grass":8,"minecraft:oak_log":16,"minecraft:tall_grass":1,"botania:light_gray_mystical_flower":4},"minecraft:used":{"minecraft:sticky_piston":3,"minecraft:wooden_axe":13,"minecraft:flint_and_steel":8,"minecraft:grass_block":21,"cgm:pistol":1,"minecraft:spruce_button":1,"minecraft:oak_planks":184,"minecraft:chest":1,"minecraft:spruce_planks":70,"minecraft:wooden_pickaxe":1,"minecraft:dark_oak_slab":70,"minecraft:torch":2,"biomesoplenty:mahogany_log":1,"minecraft:dirt":132,"travelersbackpack:standard":1,"minecraft:crafting_table":2,"minecraft:furnace":1,"minecraft:smithing_table":1,"minecraft:spruce_stairs":6,"minecraft:blast_furnace":1,"minecraft:yellow_bed":1,"minecraft:spruce_fence":37,"minecraft:smoker":1,"cgm:heavy_rifle":25,"minecraft:obsidian":11,"tombstone:scroll_of_knowledge":5},"minecraft:killed":{"minecraft:pillager":1,"minecraft:chicken":1,"alexsmobs:seal":2,"alexsmobs:bison":1},"minecraft:picked_up":{"biomesoplenty:lavender":2,"minecraft:stick":5,"minecraft:bee_nest":1,"minecraft:feather":2,"minecraft:chicken":1,"minecraft:tripwire_hook":1,"minecraft:leather":1,"minecraft:oak_log":16,"cgm:heavy_rifle":2,"alexsmobs:animal_dictionary":1,"cgm:pistol":3,"biomesoplenty:mahogany_log":2,"botania:magenta_mystical_flower":8,"botania:light_gray_mystical_flower":4,"minecraft:wheat_seeds":11,"tombstone:scroll_of_knowledge":1,"minecraft:oak_sapling":7,"cgm:advanced_bullet":1,"minecraft:egg":2},"minecraft:dropped":{"cgm:pistol":5,"cgm:advanced_bullet":81,"cgm:basic_bullet":83,"alexsmobs:animal_dictionary":1,"minecraft:leather":2,"cgm:heavy_rifle":2},"minecraft:custom":{"minecraft:time_since_rest":192804,"minecraft:interact_with_smithing_table":2,"minecraft:interact_with_furnace":4,"minecraft:damage_taken":30,"minecraft:walk_one_cm":465526,"minecraft:sprint_one_cm":219185,"minecraft:mob_kills":5,"minecraft:drop":154,"tombstone:raider_killed":1,"minecraft:damage_dealt":10,"minecraft:interact_with_crafting_table":6,"minecraft:swim_one_cm":3435,"minecraft:talked_to_villager":1,"minecraft:fly_one_cm":1269754,"minecraft:open_chest":3,"minecraft:play_time":192804,"minecraft:crouch_one_cm":5834,"minecraft:sneak_time":5592,"minecraft:walk_under_water_one_cm":2456,"minecraft:jump":844,"minecraft:interact_with_blast_furnace":2,"minecraft:leave_game":5,"minecraft:time_since_death":192804,"minecraft:walk_on_water_one_cm":2022,"minecraft:climb_one_cm":535,"minecraft:interact_with_smoker":1,"minecraft:total_world_time":192804,"minecraft:fall_one_cm":753}},"DataVersion":3465}