{"stats":{"minecraft:mined":{"botania:magenta_mystical_flower":8,"minecraft:oak_log":1,"minecraft:grass":1,"botania:light_gray_mystical_flower":4},"minecraft:killed":{"minecraft:pillager":1,"alexsmobs:seal":2},"minecraft:picked_up":{"biomesoplenty:lavender":2,"minecraft:bee_nest":1,"minecraft:tripwire_hook":1,"minecraft:oak_log":1,"cgm:heavy_rifle":1,"biomesoplenty:mahogany_log":2,"cgm:pistol":3,"botania:magenta_mystical_flower":8,"botania:light_gray_mystical_flower":4,"tombstone:scroll_of_knowledge":1,"minecraft:wheat_seeds":1,"cgm:advanced_bullet":1},"minecraft:crafted":{"minecraft:oak_planks":4},"minecraft:used":{"minecraft:sticky_piston":3,"minecraft:flint_and_steel":8,"minecraft:grass_block":1,"cgm:pistol":1,"minecraft:spruce_button":1,"biomesoplenty:mahogany_log":1,"minecraft:torch":2,"cgm:heavy_rifle":9,"minecraft:obsidian":11},"minecraft:dropped":{"cgm:pistol":5,"cgm:advanced_bullet":81,"cgm:basic_bullet":83,"cgm:heavy_rifle":1},"minecraft:custom":{"minecraft:time_since_rest":64886,"minecraft:sprint_one_cm":109332,"minecraft:walk_one_cm":157441,"minecraft:mob_kills":3,"minecraft:drop":150,"tombstone:raider_killed":1,"minecraft:swim_one_cm":3435,"minecraft:talked_to_villager":1,"minecraft:fly_one_cm":924403,"minecraft:open_chest":2,"minecraft:crouch_one_cm":3164,"minecraft:play_time":64886,"minecraft:sneak_time":3674,"minecraft:walk_under_water_one_cm":2456,"minecraft:jump":302,"minecraft:leave_game":1,"minecraft:walk_on_water_one_cm":2022,"minecraft:time_since_death":64886,"minecraft:climb_one_cm":535,"minecraft:total_world_time":64886}},"DataVersion":3465}