{"stats":{"minecraft:killed":{"alexsmobs:seal":2,"minecraft:pillager":1},"minecraft:picked_up":{"cgm:pistol":3,"biomesoplenty:mahogany_log":2,"cgm:heavy_rifle":1,"cgm:advanced_bullet":1},"minecraft:used":{"cgm:pistol":1,"cgm:heavy_rifle":9},"minecraft:dropped":{"cgm:pistol":5,"cgm:advanced_bullet":81,"cgm:heavy_rifle":1,"cgm:basic_bullet":83},"minecraft:custom":{"minecraft:open_chest":1,"minecraft:time_since_rest":41291,"minecraft:play_time":41291,"minecraft:crouch_one_cm":734,"minecraft:sprint_one_cm":73505,"minecraft:walk_one_cm":90002,"minecraft:sneak_time":1936,"minecraft:walk_under_water_one_cm":579,"minecraft:mob_kills":3,"minecraft:drop":150,"minecraft:jump":168,"tombstone:raider_killed":1,"minecraft:time_since_death":41291,"minecraft:walk_on_water_one_cm":1863,"minecraft:climb_one_cm":37,"minecraft:total_world_time":41291,"minecraft:swim_one_cm":3435,"minecraft:talked_to_villager":1,"minecraft:fly_one_cm":562114}},"DataVersion":3465}