{"stats":{"minecraft:killed":{"alexsmobs:seal":2,"minecraft:pillager":1},"minecraft:picked_up":{"cgm:pistol":3,"biomesoplenty:mahogany_log":2,"minecraft:tripwire_hook":1,"tombstone:scroll_of_knowledge":1,"cgm:heavy_rifle":1,"cgm:advanced_bullet":1},"minecraft:used":{"biomesoplenty:mahogany_log":1,"minecraft:torch":2,"minecraft:flint_and_steel":8,"cgm:pistol":1,"cgm:heavy_rifle":9,"minecraft:obsidian":11},"minecraft:dropped":{"cgm:advanced_bullet":81,"cgm:pistol":5,"cgm:heavy_rifle":1,"cgm:basic_bullet":83},"minecraft:custom":{"minecraft:time_since_rest":52886,"minecraft:open_chest":2,"minecraft:play_time":52886,"minecraft:crouch_one_cm":2456,"minecraft:sprint_one_cm":87289,"minecraft:walk_one_cm":118427,"minecraft:sneak_time":3232,"minecraft:walk_under_water_one_cm":2456,"minecraft:mob_kills":3,"minecraft:drop":150,"minecraft:jump":217,"tombstone:raider_killed":1,"minecraft:leave_game":1,"minecraft:time_since_death":52886,"minecraft:walk_on_water_one_cm":2022,"minecraft:total_world_time":52886,"minecraft:climb_one_cm":535,"minecraft:swim_one_cm":3435,"minecraft:talked_to_villager":1,"minecraft:fly_one_cm":828862}},"DataVersion":3465}