{"stats":{"minecraft:used":{"alexsmobs:animal_dictionary":4},"minecraft:custom":{"minecraft:jump":53,"minecraft:time_since_rest":53123,"minecraft:crouch_one_cm":39,"minecraft:leave_game":1,"minecraft:play_time":53123,"minecraft:sprint_one_cm":2330,"minecraft:time_since_death":53123,"minecraft:walk_on_water_one_cm":554,"minecraft:walk_one_cm":14809,"minecraft:sneak_time":271,"minecraft:total_world_time":53123,"minecraft:walk_under_water_one_cm":11,"minecraft:drop":1,"minecraft:fly_one_cm":58543},"minecraft:dropped":{"artifacts:villager_hat":1}},"DataVersion":3465}