{"stats":{"minecraft:mined":{"farmersdelight:organic_compost":2,"biomesoplenty:mahogany_log":26,"minecraft:iron_ore":3,"biomesoplenty:desert_grass":1,"minecraft:crafting_table":2,"minecraft:grass":3,"minecraft:acacia_log":10,"minecraft:grass_block":1,"minecraft:oak_log":7,"minecraft:coal_ore":50,"minecraft:jungle_log":6,"minecraft:rose_bush":2,"minecraft:tall_grass":2,"minecraft:stone":56},"minecraft:used":{"minecraft:wooden_axe":60,"minecraft:stone_pickaxe":98,"minecraft:bread":5,"minecraft:wooden_pickaxe":11,"minecraft:cobblestone":4,"minecraft:crafting_table":2,"alexsmobs:animal_dictionary":4},"minecraft:custom":{"minecraft:time_since_rest":131835,"minecraft:waystone_activated":3,"minecraft:sprint_one_cm":84752,"minecraft:damage_taken":250,"minecraft:walk_one_cm":174322,"minecraft:trigger_trapped_chest":1,"minecraft:mob_kills":3,"minecraft:drop":1,"minecraft:damage_dealt":300,"minecraft:interact_with_crafting_table":2,"minecraft:swim_one_cm":1484,"minecraft:interact_with_cartography_table":1,"minecraft:talked_to_villager":2,"minecraft:fly_one_cm":1228797,"minecraft:open_barrel":4,"minecraft:play_time":131835,"minecraft:open_chest":13,"minecraft:crouch_one_cm":3721,"minecraft:sneak_time":4915,"minecraft:walk_under_water_one_cm":12694,"minecraft:jump":290,"minecraft:interact_with_brewingstand":1,"minecraft:interact_with_blast_furnace":1,"minecraft:leave_game":6,"minecraft:time_since_death":131835,"minecraft:walk_on_water_one_cm":12622,"minecraft:total_world_time":131835,"minecraft:fall_one_cm":5319},"minecraft:crafted":{"minecraft:oak_planks":10,"minecraft:crafting_table":1,"minecraft:stick":8,"minecraft:wooden_pickaxe":1,"minecraft:stone_pickaxe":2,"minecraft:wooden_axe":1,"minecraft:acacia_planks":40},"minecraft:dropped":{"artifacts:villager_hat":1},"minecraft:killed":{"minecraft:cow":3},"minecraft:broken":{"minecraft:wooden_axe":1},"minecraft:picked_up":{"minecraft:raw_iron":3,"minecraft:stick":8,"minecraft:crafting_table":2,"minecraft:jungle_log":6,"minecraft:leather":2,"minecraft:acacia_log":10,"minecraft:oak_log":5,"minecraft:moss_carpet":1,"minecraft:dirt":1,"biomesoplenty:mahogany_log":23,"farmersdelight:organic_compost":2,"minecraft:wheat_seeds":9,"biomesoplenty:mahogany_sapling":2,"minecraft:beef":6,"minecraft:rose_bush":2,"minecraft:jungle_sapling":2,"minecraft:acacia_sapling":5,"minecraft:coal":50,"minecraft:cobblestone":56}},"DataVersion":3465}