{"stats":{"minecraft:crafted":{"minecraft:oak_planks":58,"minecraft:crafting_table":1,"minecraft:stick":32,"biomesoplenty:mahogany_planks":2,"minecraft:wooden_pickaxe":1,"minecraft:wooden_axe":1},"minecraft:mined":{"botania:magenta_mystical_flower":8,"minecraft:grass":8,"minecraft:oak_log":16,"minecraft:tall_grass":1,"botania:light_gray_mystical_flower":4},"minecraft:used":{"minecraft:sticky_piston":3,"tombstone:scroll_of_knowledge":5,"minecraft:wooden_axe":13,"minecraft:flint_and_steel":8,"minecraft:grass_block":1,"cgm:pistol":1,"minecraft:spruce_button":1,"minecraft:oak_planks":65,"minecraft:chest":1,"minecraft:wooden_pickaxe":1,"minecraft:torch":2,"biomesoplenty:mahogany_log":1,"minecraft:dirt":17,"minecraft:crafting_table":1,"minecraft:furnace":1,"minecraft:blast_furnace":1,"minecraft:yellow_bed":1,"minecraft:smoker":1,"cgm:heavy_rifle":13,"minecraft:obsidian":11},"minecraft:killed":{"minecraft:pillager":1,"alexsmobs:seal":2},"minecraft:picked_up":{"biomesoplenty:lavender":2,"minecraft:stick":5,"minecraft:bee_nest":1,"minecraft:tripwire_hook":1,"minecraft:oak_log":16,"cgm:heavy_rifle":1,"cgm:pistol":3,"biomesoplenty:mahogany_log":2,"botania:magenta_mystical_flower":8,"botania:light_gray_mystical_flower":4,"tombstone:scroll_of_knowledge":1,"minecraft:wheat_seeds":10,"minecraft:oak_sapling":7,"cgm:advanced_bullet":1},"minecraft:dropped":{"cgm:pistol":5,"cgm:advanced_bullet":81,"cgm:basic_bullet":83,"cgm:heavy_rifle":1},"minecraft:custom":{"minecraft:time_since_rest":129521,"minecraft:interact_with_furnace":4,"minecraft:sprint_one_cm":141422,"minecraft:damage_taken":30,"minecraft:walk_one_cm":293099,"minecraft:mob_kills":3,"minecraft:drop":150,"tombstone:raider_killed":1,"minecraft:talked_to_villager":1,"minecraft:swim_one_cm":3435,"minecraft:interact_with_crafting_table":2,"minecraft:fly_one_cm":1175196,"minecraft:open_chest":3,"minecraft:play_time":129521,"minecraft:crouch_one_cm":4529,"minecraft:sneak_time":4837,"minecraft:walk_under_water_one_cm":2456,"minecraft:jump":510,"minecraft:interact_with_blast_furnace":2,"minecraft:leave_game":3,"minecraft:time_since_death":129521,"minecraft:walk_on_water_one_cm":2022,"minecraft:interact_with_smoker":1,"minecraft:climb_one_cm":535,"minecraft:total_world_time":129521,"minecraft:fall_one_cm":753}},"DataVersion":3465}