{"stats":{"minecraft:broken":{"minecraft:iron_shovel":2,"minecraft:wooden_axe":1},"minecraft:custom":{"minecraft:interact_with_smithing_table":2,"minecraft:mob_kills":16,"minecraft:interact_with_crafting_table":17,"minecraft:open_barrel":4,"minecraft:leave_game":15,"minecraft:time_since_death":475233,"minecraft:climb_one_cm":2164,"minecraft:sprint_one_cm":802937,"minecraft:walk_one_cm":1031475,"minecraft:drop":164,"minecraft:talked_to_villager":4,"minecraft:play_time":475233,"minecraft:sneak_time":9787,"minecraft:walk_under_water_one_cm":6380,"minecraft:boat_one_cm":69480,"minecraft:jump":2517,"minecraft:interact_with_brewingstand":1,"minecraft:interact_with_blast_furnace":10,"minecraft:walk_on_water_one_cm":21200,"minecraft:total_world_time":475233,"minecraft:interact_with_furnace":19,"tombstone:raider_killed":1,"minecraft:time_since_rest":475233,"minecraft:waystone_activated":1,"minecraft:damage_taken":526,"minecraft:damage_dealt":1005,"minecraft:swim_one_cm":50483,"minecraft:fly_one_cm":2286808,"minecraft:player_kills":1,"minecraft:open_chest":46,"minecraft:crouch_one_cm":17900,"tombstone:undead_killed":1,"minecraft:interact_with_smoker":7,"minecraft:fall_one_cm":27638,"minecraft:horse_one_cm":185773},"minecraft:crafted":{"minecraft:oak_planks":292,"biomesoplenty:mahogany_planks":2,"minecraft:glass":64,"minecraft:iron_axe":1,"minecraft:cooked_beef":4,"minecraft:cooked_porkchop":3,"minecraft:crafting_table":1,"minecraft:spruce_planks":22,"minecraft:wooden_pickaxe":1,"travelersbackpack:standard":1,"minecraft:oak_boat":1,"minecraft:shield":1,"minecraft:stick":32,"minecraft:iron_ingot":17,"minecraft:iron_pickaxe":1,"minecraft:wooden_axe":1,"minecraft:iron_shovel":2,"minecraft:gold_ingot":4},"minecraft:used":{"minecraft:iron_shovel":500,"minecraft:flint_and_steel":9,"minecraft:spruce_planks":70,"minecraft:chest":4,"minecraft:torch":39,"minecraft:dirt":132,"securitycraft:keypad_item":3,"minecraft:spruce_stairs":6,"minecraft:spruce_fence":37,"minecraft:obsidian":11,"minecraft:wooden_axe":69,"minecraft:grass_block":65,"minecraft:iron_axe":51,"minecraft:spruce_button":1,"minecraft:dark_oak_slab":70,"minecraft:golden_sword":18,"minecraft:furnace":1,"minecraft:oak_sapling":25,"minecraft:cooked_beef":14,"cgm:heavy_rifle":30,"minecraft:golden_axe":10,"tombstone:scroll_of_knowledge":5,"cgm:pistol":1,"minecraft:oak_planks":471,"minecraft:wooden_pickaxe":1,"minecraft:sugar_cane":25,"biomesoplenty:mahogany_log":1,"minecraft:crafting_table":2,"minecraft:blast_furnace":1,"minecraft:smoker":1,"tombstone:bag_of_seeds":3,"minecraft:sticky_piston":3,"biomesoplenty:spider_egg":2,"minecraft:apple":1,"minecraft:chicken":1,"minecraft:iron_pickaxe":57,"minecraft:spruce_sapling":2,"minecraft:cobblestone":26,"travelersbackpack:standard":1,"minecraft:smithing_table":1,"minecraft:yellow_bed":1,"minecraft:oak_boat":1},"minecraft:mined":{"minecraft:oak_sapling":1,"farmersdelight:rich_soil":1,"minecraft:brewing_stand":1,"minecraft:grass_block":3,"botania:light_gray_mystical_flower":4,"botania:magenta_mystical_flower":8,"minecraft:iron_ore":17,"biomesoplenty:lavender":1,"minecraft:stone":16,"minecraft:tall_grass":2,"minecraft:copper_ore":1,"botania:blue_mystical_flower":4,"minecraft:sugar_cane":17,"minecraft:oak_planks":4,"minecraft:spruce_log":6,"minecraft:grass":35,"biomesoplenty:clover":1,"minecraft:oak_log":83,"minecraft:coal_ore":22,"minecraft:sand":500,"minecraft:dirt":1,"biomesoplenty:redwood_wood":1},"minecraft:picked_up":{"minecraft:bee_nest":1,"minecraft:chicken":1,"minecraft:brewing_stand":1,"minecraft:raw_copper":5,"artifacts:power_glove":1,"botania:magenta_mystical_flower":8,"minecraft:beef":4,"alexsmobs:raccoon_tail":1,"biomesoplenty:redwood_wood":1,"minecraft:sugar_cane":48,"cgm:advanced_bullet":1,"minecraft:egg":5,"minecraft:stick":21,"minecraft:raw_iron":17,"minecraft:porkchop":3,"botania:light_gray_mystical_flower":4,"minecraft:beetroot_seeds":2,"botania:blue_mystical_flower":4,"minecraft:saddle":1,"minecraft:mutton":1,"minecraft:white_wool":2,"minecraft:cobblestone":16,"biomesoplenty:lavender":3,"farmersdelight:rich_soil":1,"minecraft:cooked_beef":7,"minecraft:feather":2,"minecraft:tripwire_hook":1,"minecraft:leather":2,"minecraft:oak_log":83,"cgm:heavy_rifle":2,"minecraft:dirt":4,"minecraft:cooked_mutton":1,"minecraft:apple":2,"minecraft:wheat_seeds":13,"minecraft:oak_planks":4,"minecraft:gravel":3,"minecraft:torchflower_seeds":3,"minecraft:sand":497,"minecraft:spruce_sapling":2,"minecraft:spruce_log":6,"alexsmobs:animal_dictionary":1,"cgm:pistol":3,"biomesoplenty:mahogany_log":2,"tombstone:scroll_of_knowledge":1,"alexsmobs:banana_slug_slime":1,"minecraft:oak_sapling":33,"minecraft:coal":22},"minecraft:dropped":{"minecraft:cooked_beef":3,"minecraft:dark_oak_slab":1,"minecraft:leather":2,"minecraft:spruce_stairs":1,"minecraft:grass_block":1,"biomesoplenty:spider_egg":1,"cgm:advanced_bullet":81,"cgm:pistol":5,"artifacts:power_glove":1,"alexsmobs:animal_dictionary":1,"cgm:basic_bullet":83,"minecraft:oak_sapling":1,"cgm:heavy_rifle":2,"minecraft:egg":1},"minecraft:killed":{"alexsmobs:raccoon":2,"alexsmobs:tasmanian_devil":1,"alexsmobs:blue_jay":1,"alexsmobs:banana_slug":1,"minecraft:chicken":1,"alexsmobs:bison":1,"minecraft:pig":1,"alexsmobs:seal":2,"minecraft:sheep":2,"minecraft:pillager":1,"minecraft:zombie":1,"alexsmobs:crow":1,"minecraft:cow":1}},"DataVersion":3465}