{"stats":{"minecraft:mined":{"farmersdelight:rich_soil":1,"minecraft:oak_sapling":1,"minecraft:brewing_stand":1,"minecraft:grass_block":3,"minecraft:copper_ore":1,"minecraft:tall_grass":2,"botania:blue_mystical_flower":4,"minecraft:oak_planks":4,"minecraft:sugar_cane":5,"botania:light_gray_mystical_flower":4,"botania:magenta_mystical_flower":8,"minecraft:iron_ore":17,"biomesoplenty:lavender":1,"minecraft:spruce_log":6,"minecraft:grass":33,"biomesoplenty:clover":1,"minecraft:coal_ore":22,"minecraft:oak_log":83,"minecraft:sand":500,"minecraft:dirt":1,"minecraft:stone":16,"biomesoplenty:redwood_wood":1},"minecraft:killed":{"minecraft:pig":1,"alexsmobs:raccoon":2,"alexsmobs:seal":2,"alexsmobs:tasmanian_devil":1,"minecraft:sheep":2,"minecraft:pillager":1,"minecraft:zombie":1,"alexsmobs:blue_jay":1,"alexsmobs:banana_slug":1,"minecraft:chicken":1,"alexsmobs:bison":1,"alexsmobs:crow":1,"minecraft:cow":1},"minecraft:picked_up":{"biomesoplenty:lavender":3,"farmersdelight:rich_soil":1,"minecraft:bee_nest":1,"minecraft:feather":2,"minecraft:cooked_beef":7,"minecraft:chicken":1,"minecraft:tripwire_hook":1,"minecraft:leather":2,"minecraft:oak_log":83,"minecraft:brewing_stand":1,"cgm:heavy_rifle":2,"minecraft:dirt":4,"minecraft:raw_copper":5,"artifacts:power_glove":1,"minecraft:cooked_mutton":1,"botania:magenta_mystical_flower":8,"minecraft:apple":2,"minecraft:wheat_seeds":13,"minecraft:beef":4,"alexsmobs:raccoon_tail":1,"biomesoplenty:redwood_wood":1,"minecraft:sugar_cane":12,"cgm:advanced_bullet":1,"minecraft:oak_planks":4,"minecraft:egg":5,"minecraft:stick":21,"minecraft:raw_iron":17,"minecraft:torchflower_seeds":3,"minecraft:gravel":3,"minecraft:porkchop":3,"minecraft:sand":497,"minecraft:spruce_sapling":2,"minecraft:spruce_log":6,"alexsmobs:animal_dictionary":1,"cgm:pistol":3,"biomesoplenty:mahogany_log":2,"botania:light_gray_mystical_flower":4,"minecraft:beetroot_seeds":2,"tombstone:scroll_of_knowledge":1,"botania:blue_mystical_flower":4,"alexsmobs:banana_slug_slime":1,"minecraft:oak_sapling":33,"minecraft:mutton":1,"minecraft:coal":22,"minecraft:white_wool":2,"minecraft:cobblestone":16},"minecraft:crafted":{"minecraft:oak_planks":292,"minecraft:cooked_porkchop":3,"minecraft:crafting_table":1,"minecraft:spruce_planks":22,"biomesoplenty:mahogany_planks":2,"minecraft:wooden_pickaxe":1,"travelersbackpack:standard":1,"minecraft:oak_boat":1,"minecraft:shield":1,"minecraft:iron_axe":1,"minecraft:stick":32,"minecraft:iron_ingot":17,"minecraft:iron_pickaxe":1,"minecraft:wooden_axe":1,"minecraft:gold_ingot":4,"minecraft:iron_shovel":2},"minecraft:used":{"tombstone:scroll_of_knowledge":5,"minecraft:iron_shovel":500,"minecraft:flint_and_steel":9,"cgm:pistol":1,"minecraft:oak_planks":471,"minecraft:chest":4,"minecraft:spruce_planks":70,"minecraft:wooden_pickaxe":1,"minecraft:sugar_cane":12,"biomesoplenty:mahogany_log":1,"minecraft:torch":39,"minecraft:dirt":132,"securitycraft:keypad_item":1,"minecraft:crafting_table":2,"minecraft:blast_furnace":1,"minecraft:spruce_stairs":6,"minecraft:spruce_fence":37,"minecraft:smoker":1,"minecraft:obsidian":11,"minecraft:sticky_piston":3,"tombstone:bag_of_seeds":3,"minecraft:wooden_axe":69,"biomesoplenty:spider_egg":2,"minecraft:apple":1,"minecraft:chicken":1,"minecraft:iron_pickaxe":57,"minecraft:iron_axe":51,"minecraft:grass_block":65,"minecraft:spruce_button":1,"minecraft:dark_oak_slab":70,"minecraft:spruce_sapling":2,"minecraft:golden_sword":18,"travelersbackpack:standard":1,"minecraft:cobblestone":26,"minecraft:oak_sapling":25,"minecraft:furnace":1,"minecraft:smithing_table":1,"minecraft:yellow_bed":1,"minecraft:oak_boat":1,"minecraft:cooked_beef":13,"minecraft:golden_axe":9,"cgm:heavy_rifle":30},"minecraft:dropped":{"cgm:pistol":5,"cgm:advanced_bullet":81,"artifacts:power_glove":1,"minecraft:cooked_beef":3,"alexsmobs:animal_dictionary":1,"minecraft:dark_oak_slab":1,"minecraft:leather":2,"minecraft:spruce_stairs":1,"minecraft:grass_block":1,"cgm:basic_bullet":83,"minecraft:oak_sapling":1,"biomesoplenty:spider_egg":1,"cgm:heavy_rifle":2,"minecraft:egg":1},"minecraft:broken":{"minecraft:iron_shovel":2,"minecraft:wooden_axe":1},"minecraft:custom":{"minecraft:interact_with_smithing_table":2,"minecraft:interact_with_furnace":16,"minecraft:mob_kills":16,"tombstone:raider_killed":1,"minecraft:interact_with_crafting_table":17,"minecraft:open_barrel":4,"minecraft:leave_game":11,"minecraft:time_since_death":396199,"minecraft:climb_one_cm":2164,"minecraft:time_since_rest":396199,"minecraft:waystone_activated":1,"minecraft:sprint_one_cm":714090,"minecraft:damage_taken":526,"minecraft:walk_one_cm":934587,"minecraft:drop":164,"minecraft:damage_dealt":967,"minecraft:player_kills":1,"minecraft:swim_one_cm":50483,"minecraft:talked_to_villager":4,"minecraft:fly_one_cm":2228631,"minecraft:play_time":396199,"minecraft:open_chest":35,"minecraft:crouch_one_cm":17776,"tombstone:undead_killed":1,"minecraft:sneak_time":9776,"minecraft:walk_under_water_one_cm":6380,"minecraft:boat_one_cm":69480,"minecraft:jump":2293,"minecraft:interact_with_brewingstand":1,"minecraft:interact_with_blast_furnace":7,"minecraft:walk_on_water_one_cm":19713,"minecraft:total_world_time":396199,"minecraft:interact_with_smoker":3,"minecraft:fall_one_cm":24828,"minecraft:horse_one_cm":58499}},"DataVersion":3465}