{"stats":{"minecraft:mined":{"farmersdelight:organic_compost":2,"minecraft:iron_ore":3,"minecraft:crafting_table":2,"minecraft:grass":1,"minecraft:acacia_log":10,"minecraft:grass_block":1,"minecraft:oak_log":3,"minecraft:coal_ore":40,"minecraft:stone":55},"minecraft:used":{"minecraft:wooden_axe":13,"minecraft:stone_pickaxe":87,"minecraft:bread":2,"minecraft:wooden_pickaxe":11,"minecraft:cobblestone":4,"minecraft:crafting_table":2,"alexsmobs:animal_dictionary":4},"minecraft:custom":{"minecraft:time_since_rest":106319,"minecraft:waystone_activated":2,"minecraft:sprint_one_cm":41592,"minecraft:damage_taken":80,"minecraft:walk_one_cm":127689,"minecraft:trigger_trapped_chest":1,"minecraft:drop":1,"minecraft:talked_to_villager":2,"minecraft:interact_with_cartography_table":1,"minecraft:interact_with_crafting_table":2,"minecraft:fly_one_cm":808609,"minecraft:open_barrel":4,"minecraft:open_chest":11,"minecraft:crouch_one_cm":1044,"minecraft:play_time":106319,"minecraft:sneak_time":2946,"minecraft:walk_under_water_one_cm":7684,"minecraft:jump":194,"minecraft:interact_with_brewingstand":1,"minecraft:interact_with_blast_furnace":1,"minecraft:leave_game":3,"minecraft:time_since_death":106319,"minecraft:walk_on_water_one_cm":3247,"minecraft:total_world_time":106319,"minecraft:fall_one_cm":4098},"minecraft:crafted":{"minecraft:oak_planks":10,"minecraft:crafting_table":1,"minecraft:stick":8,"minecraft:wooden_pickaxe":1,"minecraft:stone_pickaxe":2,"minecraft:wooden_axe":1,"minecraft:acacia_planks":40},"minecraft:dropped":{"artifacts:villager_hat":1},"minecraft:picked_up":{"minecraft:crafting_table":2,"minecraft:raw_iron":3,"minecraft:acacia_log":10,"minecraft:oak_log":3,"minecraft:dirt":1,"farmersdelight:organic_compost":2,"minecraft:wheat_seeds":8,"minecraft:acacia_sapling":5,"minecraft:coal":40,"minecraft:cobblestone":55}},"DataVersion":3465}