{"stats":{"minecraft:broken":{"minecraft:wooden_axe":1},"minecraft:crafted":{"minecraft:oak_planks":270,"minecraft:crafting_table":1,"biomesoplenty:mahogany_planks":2,"minecraft:wooden_pickaxe":1,"travelersbackpack:standard":1,"minecraft:iron_axe":1,"minecraft:stick":32,"minecraft:iron_pickaxe":1,"minecraft:iron_ingot":11,"minecraft:wooden_axe":1,"minecraft:iron_shovel":2,"minecraft:gold_ingot":4},"minecraft:mined":{"minecraft:oak_sapling":1,"farmersdelight:rich_soil":1,"minecraft:brewing_stand":1,"minecraft:grass_block":3,"minecraft:tall_grass":2,"minecraft:sugar_cane":5,"minecraft:oak_planks":4,"botania:light_gray_mystical_flower":4,"botania:magenta_mystical_flower":8,"minecraft:iron_ore":9,"biomesoplenty:lavender":1,"minecraft:grass":32,"biomesoplenty:clover":1,"minecraft:oak_log":71,"minecraft:dirt":1,"minecraft:stone":2,"biomesoplenty:redwood_wood":1},"minecraft:used":{"tombstone:scroll_of_knowledge":5,"minecraft:flint_and_steel":9,"cgm:pistol":1,"minecraft:oak_planks":406,"minecraft:chest":1,"minecraft:spruce_planks":70,"minecraft:wooden_pickaxe":1,"minecraft:sugar_cane":12,"biomesoplenty:mahogany_log":1,"minecraft:torch":39,"minecraft:dirt":132,"securitycraft:keypad_item":1,"minecraft:crafting_table":2,"minecraft:spruce_stairs":6,"minecraft:blast_furnace":1,"minecraft:spruce_fence":37,"minecraft:smoker":1,"minecraft:obsidian":11,"minecraft:sticky_piston":3,"minecraft:wooden_axe":69,"minecraft:apple":1,"minecraft:iron_axe":34,"minecraft:chicken":1,"minecraft:grass_block":65,"minecraft:spruce_button":1,"minecraft:iron_pickaxe":12,"minecraft:dark_oak_slab":70,"minecraft:cobblestone":26,"travelersbackpack:standard":1,"minecraft:oak_sapling":25,"minecraft:furnace":1,"minecraft:smithing_table":1,"minecraft:yellow_bed":1,"minecraft:cooked_beef":9,"cgm:heavy_rifle":30},"minecraft:killed":{"minecraft:pig":1,"alexsmobs:raccoon":2,"alexsmobs:seal":2,"minecraft:pillager":1,"alexsmobs:blue_jay":1,"alexsmobs:banana_slug":1,"minecraft:chicken":1,"alexsmobs:bison":1,"alexsmobs:crow":1},"minecraft:picked_up":{"biomesoplenty:lavender":3,"farmersdelight:rich_soil":1,"minecraft:bee_nest":1,"minecraft:chicken":1,"minecraft:feather":2,"minecraft:cooked_beef":7,"minecraft:tripwire_hook":1,"minecraft:leather":1,"minecraft:brewing_stand":1,"minecraft:oak_log":71,"cgm:heavy_rifle":2,"minecraft:dirt":4,"artifacts:power_glove":1,"botania:magenta_mystical_flower":8,"minecraft:apple":2,"minecraft:wheat_seeds":13,"alexsmobs:raccoon_tail":1,"minecraft:sugar_cane":12,"biomesoplenty:redwood_wood":1,"cgm:advanced_bullet":1,"minecraft:oak_planks":4,"minecraft:egg":4,"minecraft:stick":17,"minecraft:raw_iron":9,"minecraft:gravel":3,"minecraft:porkchop":3,"alexsmobs:animal_dictionary":1,"cgm:pistol":3,"biomesoplenty:mahogany_log":2,"botania:light_gray_mystical_flower":4,"tombstone:scroll_of_knowledge":1,"alexsmobs:banana_slug_slime":1,"minecraft:oak_sapling":32,"minecraft:cobblestone":2},"minecraft:dropped":{"cgm:advanced_bullet":81,"cgm:pistol":5,"artifacts:power_glove":1,"minecraft:cooked_beef":3,"alexsmobs:animal_dictionary":1,"minecraft:dark_oak_slab":1,"minecraft:leather":2,"minecraft:spruce_stairs":1,"cgm:basic_bullet":83,"cgm:heavy_rifle":2},"minecraft:custom":{"minecraft:interact_with_smithing_table":2,"minecraft:interact_with_furnace":12,"minecraft:mob_kills":11,"tombstone:raider_killed":1,"minecraft:interact_with_crafting_table":14,"minecraft:open_barrel":4,"minecraft:leave_game":9,"minecraft:time_since_death":335951,"minecraft:climb_one_cm":2164,"minecraft:time_since_rest":335951,"minecraft:sprint_one_cm":525067,"minecraft:damage_taken":420,"minecraft:walk_one_cm":766716,"minecraft:drop":160,"minecraft:damage_dealt":410,"minecraft:swim_one_cm":40653,"minecraft:talked_to_villager":4,"minecraft:player_kills":1,"minecraft:fly_one_cm":1612565,"minecraft:open_chest":23,"minecraft:crouch_one_cm":11426,"minecraft:play_time":335951,"minecraft:sneak_time":7030,"minecraft:walk_under_water_one_cm":3814,"minecraft:interact_with_brewingstand":1,"minecraft:jump":1690,"minecraft:interact_with_blast_furnace":6,"minecraft:walk_on_water_one_cm":15468,"minecraft:interact_with_smoker":2,"minecraft:total_world_time":335951,"minecraft:fall_one_cm":12389}},"DataVersion":3465}