{"stats":{"minecraft:crafted":{"minecraft:oak_planks":58,"minecraft:crafting_table":1,"biomesoplenty:mahogany_planks":2,"minecraft:wooden_pickaxe":1,"travelersbackpack:standard":1,"minecraft:stick":32,"minecraft:wooden_axe":1},"minecraft:mined":{"minecraft:tall_grass":1,"botania:light_gray_mystical_flower":4,"botania:magenta_mystical_flower":8,"minecraft:grass":8,"minecraft:oak_log":16},"minecraft:used":{"tombstone:scroll_of_knowledge":5,"minecraft:flint_and_steel":8,"cgm:pistol":1,"minecraft:oak_planks":184,"minecraft:spruce_planks":70,"minecraft:chest":1,"minecraft:wooden_pickaxe":1,"biomesoplenty:mahogany_log":1,"minecraft:torch":2,"minecraft:dirt":132,"minecraft:crafting_table":2,"minecraft:spruce_stairs":6,"minecraft:blast_furnace":1,"minecraft:spruce_fence":37,"minecraft:smoker":1,"minecraft:obsidian":11,"minecraft:sticky_piston":3,"minecraft:wooden_axe":13,"minecraft:apple":1,"minecraft:grass_block":21,"minecraft:chicken":1,"minecraft:spruce_button":1,"minecraft:dark_oak_slab":70,"travelersbackpack:standard":1,"minecraft:furnace":1,"minecraft:smithing_table":1,"minecraft:yellow_bed":1,"minecraft:cooked_beef":1,"cgm:heavy_rifle":26},"minecraft:killed":{"alexsmobs:seal":2,"minecraft:pillager":1,"alexsmobs:blue_jay":1,"minecraft:chicken":1,"alexsmobs:bison":1},"minecraft:picked_up":{"biomesoplenty:lavender":2,"minecraft:cooked_beef":7,"minecraft:bee_nest":1,"minecraft:feather":2,"minecraft:chicken":1,"minecraft:tripwire_hook":1,"minecraft:leather":1,"minecraft:oak_log":16,"cgm:heavy_rifle":2,"artifacts:power_glove":1,"botania:magenta_mystical_flower":8,"minecraft:wheat_seeds":11,"cgm:advanced_bullet":1,"minecraft:egg":2,"minecraft:stick":5,"alexsmobs:animal_dictionary":1,"cgm:pistol":3,"biomesoplenty:mahogany_log":2,"botania:light_gray_mystical_flower":4,"tombstone:scroll_of_knowledge":1,"minecraft:oak_sapling":7},"minecraft:dropped":{"cgm:advanced_bullet":81,"cgm:pistol":5,"artifacts:power_glove":1,"minecraft:cooked_beef":3,"alexsmobs:animal_dictionary":1,"minecraft:leather":2,"cgm:basic_bullet":83,"cgm:heavy_rifle":2},"minecraft:custom":{"minecraft:interact_with_smithing_table":2,"minecraft:interact_with_furnace":4,"minecraft:mob_kills":6,"tombstone:raider_killed":1,"minecraft:interact_with_crafting_table":6,"minecraft:leave_game":7,"minecraft:time_since_death":230917,"minecraft:climb_one_cm":535,"minecraft:time_since_rest":230917,"minecraft:sprint_one_cm":267794,"minecraft:damage_taken":210,"minecraft:walk_one_cm":512756,"minecraft:drop":158,"minecraft:damage_dealt":10,"minecraft:swim_one_cm":13992,"minecraft:talked_to_villager":1,"minecraft:fly_one_cm":1374267,"minecraft:open_chest":3,"minecraft:crouch_one_cm":5914,"minecraft:play_time":230917,"minecraft:sneak_time":5721,"minecraft:walk_under_water_one_cm":2956,"minecraft:jump":934,"minecraft:interact_with_blast_furnace":2,"minecraft:walk_on_water_one_cm":5443,"minecraft:interact_with_smoker":1,"minecraft:total_world_time":230917,"minecraft:fall_one_cm":964}},"DataVersion":3465}