{"stats":{"minecraft:mined":{"farmersdelight:wild_beetroots":1,"farmersdelight:sandy_shrub":1,"biomesoplenty:mahogany_log":1,"minecraft:crafting_table":1,"minecraft:dark_oak_fence":8,"minecraft:grass":1,"minecraft:vine":2,"minecraft:jungle_log":12,"minecraft:sugar_cane":2,"minecraft:fern":2},"minecraft:killed":{"minecraft:pillager":2,"alexsmobs:seal":1,"alexsmobs:seagull":1},"minecraft:picked_up":{"minecraft:crafting_table":1,"cgm:basic_bullet":49,"minecraft:jungle_log":12,"cgm:heavy_rifle":2,"cgm:pistol":2,"biomesoplenty:mahogany_log":1,"minecraft:beetroot_seeds":2,"minecraft:crossbow":1,"minecraft:jungle_sapling":1,"minecraft:sugar_cane":4,"minecraft:dark_oak_fence":6,"cgm:advanced_bullet":59},"minecraft:crafted":{"minecraft:crafting_table":1,"minecraft:stick":4,"minecraft:jungle_boat":1,"biomesoplenty:mahogany_planks":4,"minecraft:wooden_axe":1,"minecraft:jungle_planks":48},"minecraft:killed_by":{"minecraft:player":2},"minecraft:used":{"minecraft:wooden_axe":21,"cgm:pistol":49,"minecraft:jungle_boat":1,"minecraft:crafting_table":2,"minecraft:carrot":3,"alexsmobs:animal_dictionary":1,"cgm:heavy_rifle":4},"minecraft:dropped":{"cgm:pistol":1,"cgm:heavy_rifle":2},"minecraft:custom":{"minecraft:time_since_rest":4197,"minecraft:waystone_activated":1,"minecraft:damage_taken":573,"minecraft:sprint_one_cm":32417,"minecraft:walk_one_cm":35567,"minecraft:mob_kills":4,"minecraft:drop":3,"tombstone:raider_killed":2,"minecraft:damage_dealt":46,"minecraft:swim_one_cm":8933,"minecraft:interact_with_crafting_table":2,"minecraft:fly_one_cm":60298,"minecraft:player_kills":3,"minecraft:open_chest":2,"minecraft:crouch_one_cm":153,"minecraft:play_time":13841,"minecraft:deaths":2,"minecraft:sneak_time":112,"minecraft:walk_under_water_one_cm":702,"minecraft:boat_one_cm":60512,"minecraft:jump":319,"minecraft:leave_game":1,"minecraft:walk_on_water_one_cm":2907,"minecraft:time_since_death":5126,"minecraft:climb_one_cm":73,"minecraft:total_world_time":13841,"minecraft:fall_one_cm":3462}},"DataVersion":3465}