{"stats":{"minecraft:broken":{"minecraft:golden_hoe":1,"minecraft:golden_sword":1,"minecraft:iron_axe":3,"minecraft:stone_axe":1,"minecraft:iron_pickaxe":1,"minecraft:wooden_axe":2},"minecraft:crafted":{"botania:green_petal":6,"minecraft:oak_planks":168,"minecraft:stone_shovel":1,"travelersbackpack:crafting_upgrade":1,"biomesoplenty:mahogany_planks":4,"travelersbackpack:hose_nozzle":1,"minecraft:furnace":1,"travelersbackpack:blank_upgrade":4,"minecraft:cooked_mutton":8,"minecraft:green_dye":6,"minecraft:glass":34,"travelersbackpack:white_sleeping_bag":1,"minecraft:iron_boots":1,"minecraft:iron_axe":4,"minecraft:stone_pickaxe":2,"minecraft:chest":3,"travelersbackpack:hose":1,"minecraft:wheat":225,"minecraft:cooked_beef":39,"travelersbackpack:iron_tier_upgrade":1,"biomesoplenty:jacaranda_planks":24,"minecraft:crafting_table":4,"minecraft:jungle_boat":1,"biomesoplenty:redwood_planks":256,"travelersbackpack:backpack_tank":4,"travelersbackpack:standard":1,"minecraft:wooden_pickaxe":1,"minecraft:iron_sword":1,"minecraft:smithing_table":1,"minecraft:copper_ingot":32,"minecraft:bucket":1,"minecraft:stone_axe":1,"farmersdelight:wheat_dough":3,"minecraft:bread":33,"minecraft:air":0,"minecraft:jungle_planks":56,"minecraft:iron_chestplate":1,"minecraft:charcoal":73,"minecraft:stick":16,"minecraft:iron_ingot":74,"minecraft:iron_pickaxe":1,"minecraft:wooden_axe":2,"minecraft:iron_leggings":1,"minecraft:iron_shovel":1,"minecraft:gold_ingot":26,"minecraft:torch":328,"minecraft:shears":1},"minecraft:mined":{"minecraft:tuff":12,"minecraft:deepslate_diamond_ore":16,"minecraft:candle":1,"botania:red_mystical_flower":4,"farmersdelight:wild_carrots":1,"botania:red_mushroom":3,"minecraft:carved_pumpkin":4,"minecraft:granite":18,"minecraft:dark_oak_fence":8,"biomesoplenty:bush":3,"minecraft:grass_block":46,"twilightforest:canopy_chest":1,"minecraft:jungle_log":30,"twilightforest:twilight_oak_chest":2,"minecraft:oxeye_daisy":1,"botania:light_gray_mystical_flower":1,"minecraft:spawner":2,"minecraft:large_fern":1,"minecraft:hay_block":264,"botania:cyan_mushroom":1,"biomesoplenty:jacaranda_log":6,"minecraft:magma_block":1,"botania:purple_mystical_flower":1,"botania:light_gray_mushroom":1,"minecraft:iron_ore":44,"minecraft:barrel":2,"minecraft:fire":1,"biomesoplenty:lavender":8,"minecraft:andesite":17,"biomesoplenty:redwood_fence":4,"minecraft:pumpkin":5,"minecraft:anvil":1,"minecraft:deepslate_lapis_ore":6,"minecraft:gold_block":1,"minecraft:vine":2,"minecraft:deepslate_iron_ore":59,"minecraft:lantern":1,"minecraft:stone":80,"botania:green_mystical_flower":3,"minecraft:smithing_table":2,"minecraft:deepslate_redstone_ore":15,"botania:lime_mystical_flower":1,"botania:lime_mushroom":1,"minecraft:dandelion":1,"minecraft:cornflower":1,"minecraft:crafting_table":4,"minecraft:torch":6,"botania:yellow_double_flower":1,"minecraft:spruce_button":1,"minecraft:blast_furnace":2,"minecraft:calcite":1,"minecraft:poppy":2,"botania:pink_mushroom":1,"botania:brown_mushroom":1,"minecraft:copper_ore":40,"minecraft:tall_grass":4,"minecraft:deepslate_gold_ore":55,"minecraft:lapis_ore":10,"minecraft:sugar_cane":7,"botania:light_gray_double_flower":1,"botania:blue_double_flower":1,"minecraft:diorite":3,"minecraft:wall_torch":10,"minecraft:deepslate_copper_ore":2,"farmersdelight:wild_beetroots":1,"farmersdelight:sandy_shrub":1,"biomesoplenty:mahogany_log":1,"minecraft:lilac":2,"minecraft:yellow_bed":2,"botania:yellow_mystical_flower":2,"biomesoplenty:clover":3,"minecraft:grass":47,"minecraft:oak_log":168,"minecraft:coal_ore":2,"minecraft:sand":40,"minecraft:dirt":22,"minecraft:cobweb":28,"minecraft:smooth_basalt":1,"botania:gray_mystical_flower":2,"minecraft:netherrack":4,"minecraft:gold_ore":2,"biomesoplenty:redwood_wood":244,"minecraft:oak_leaves":22,"minecraft:deepslate":89,"minecraft:fern":9},"minecraft:killed_by":{"minecraft:player":2},"minecraft:used":{"minecraft:flint_and_steel":1,"minecraft:carved_pumpkin":2,"minecraft:stone_shovel":108,"minecraft:chest":1,"minecraft:iron_sword":28,"minecraft:torch":311,"minecraft:anvil":1,"minecraft:dirt":16,"biomesoplenty:redwood_fence":3,"minecraft:carrot":19,"minecraft:tuff":1,"minecraft:granite":10,"minecraft:jungle_sapling":5,"minecraft:wooden_axe":113,"minecraft:lantern":1,"minecraft:iron_axe":686,"minecraft:barrel":2,"farmersdelight:wheat_dough":3,"minecraft:golden_sword":16,"biomesoplenty:jacaranda_sapling":1,"minecraft:bow":14,"minecraft:hay_block":3,"minecraft:oak_sapling":70,"minecraft:furnace":1,"travelersbackpack:sponge":1,"tombstone:gift":4,"cgm:heavy_rifle":4,"minecraft:cooked_beef":32,"minecraft:pumpkin":5,"minecraft:cobbled_deepslate":20,"minecraft:iron_leggings":1,"minecraft:cooked_mutton":8,"minecraft:diorite":3,"cgm:pistol":65,"minecraft:stone_pickaxe":130,"biomesoplenty:redwood_sapling":16,"minecraft:wooden_pickaxe":24,"minecraft:jungle_boat":1,"minecraft:golden_hoe":38,"minecraft:crafting_table":7,"minecraft:blast_furnace":2,"minecraft:shears":3,"tombstone:bag_of_seeds":2,"minecraft:bread":36,"minecraft:iron_pickaxe":360,"twilightforest:canopy_chest":1,"minecraft:gravel":1,"minecraft:stone_axe":87,"minecraft:cobblestone":2,"travelersbackpack:standard":8,"minecraft:dark_oak_fence":4,"minecraft:smithing_table":3,"minecraft:andesite":12,"minecraft:bucket":8,"minecraft:yellow_bed":2,"alexsmobs:animal_dictionary":1,"twilightforest:twilight_oak_chest":2},"minecraft:killed":{"minecraft:cave_spider":1,"minecraft:witch":1,"alexsmobs:raccoon":2,"minecraft:spider":10,"alexsmobs:seagull":1,"minecraft:skeleton":22,"alexsmobs:bison":1,"artifacts:mimic":1,"minecraft:zombie_villager":2,"alexsmobs:seal":1,"minecraft:creeper":10,"minecraft:sheep":4,"minecraft:pillager":2,"minecraft:zombie":51,"alexsmobs:fly":1,"minecraft:cow":14},"minecraft:picked_up":{"minecraft:charcoal":1,"minecraft:crafting_table":4,"cgm:basic_bullet":49,"minecraft:potion":1,"minecraft:anvil":1,"minecraft:smithing_table":2,"minecraft:enchanted_book":1,"minecraft:gold_block":1,"biomesoplenty:jacaranda_sapling":1,"minecraft:cornflower":1,"minecraft:string":35,"minecraft:iron_axe":2,"minecraft:raw_copper":140,"artifacts:power_glove":2,"botania:light_gray_double_flower":1,"minecraft:candle":4,"minecraft:cobbled_deepslate":113,"minecraft:beef":39,"minecraft:jungle_sapling":5,"minecraft:poppy":2,"alexsmobs:raccoon_tail":2,"biomesoplenty:redwood_wood":244,"minecraft:sugar_cane":17,"cgm:advanced_bullet":59,"minecraft:egg":4,"minecraft:stick":91,"minecraft:raw_iron":100,"twilightforest:twilight_oak_chest":2,"minecraft:torch":23,"botania:yellow_mystical_flower":2,"travelersbackpack:iron_tier_upgrade":1,"minecraft:pointed_dripstone":1,"botania:pink_mushroom":1,"tombstone:grave_dust":10,"minecraft:diorite":3,"travelersbackpack:crafting_upgrade":1,"minecraft:carrot":1,"minecraft:redstone":64,"travelersbackpack:sponge":1,"minecraft:arrow":30,"minecraft:stone_shovel":2,"minecraft:rotten_flesh":59,"botania:lime_mystical_flower":1,"biomesoplenty:jacaranda_log":6,"botania:light_gray_mystical_flower":1,"biomesoplenty:redwood_fence":3,"minecraft:beetroot_seeds":2,"minecraft:hay_block":263,"minecraft:carved_pumpkin":4,"tombstone:essence_of_undeath":1,"biomesoplenty:redwood_sapling":16,"botania:blue_double_flower":1,"botania:green_mystical_flower":3,"minecraft:mutton":8,"minecraft:white_wool":5,"minecraft:cobblestone":76,"minecraft:oxeye_daisy":1,"biomesoplenty:lavender":6,"botania:cyan_mushroom":2,"minecraft:magma_block":1,"minecraft:cooked_beef":4,"minecraft:andesite":26,"minecraft:jungle_log":30,"minecraft:leather":12,"minecraft:potato":1,"botania:light_gray_mushroom":1,"minecraft:tuff":12,"minecraft:oak_log":168,"cgm:heavy_rifle":2,"minecraft:yellow_bed":2,"minecraft:gunpowder":12,"botania:red_mushroom":3,"minecraft:lapis_lazuli":97,"minecraft:dirt":67,"minecraft:lantern":1,"minecraft:bone":21,"minecraft:apple":9,"minecraft:bow":4,"minecraft:wheat_seeds":7,"minecraft:raw_gold":57,"botania:purple_mystical_flower":1,"minecraft:iron_ingot":2,"tombstone:bag_of_seeds":1,"minecraft:oak_planks":3,"botania:gray_mystical_flower":2,"twilightforest:canopy_chest":1,"botania:red_mystical_flower":4,"minecraft:pumpkin":5,"botania:yellow_double_flower":1,"minecraft:dandelion":1,"minecraft:gravel":1,"minecraft:sand":40,"minecraft:blast_furnace":2,"botania:lime_mushroom":1,"minecraft:spider_eye":6,"minecraft:barrel":2,"minecraft:bundle":3,"cgm:pistol":2,"biomesoplenty:mahogany_log":1,"minecraft:pumpkin_seeds":12,"minecraft:diamond":16,"minecraft:granite":17,"minecraft:crossbow":1,"botania:brown_mushroom":1,"minecraft:spruce_button":1,"alexsmobs:maggot":2,"tombstone:magic_scroll":1,"minecraft:oak_sapling":90,"minecraft:netherrack":4,"minecraft:dark_oak_fence":6,"minecraft:coal":2},"minecraft:dropped":{"minecraft:enchanted_book":1,"minecraft:wheat_seeds":3,"minecraft:cooked_beef":8,"travelersbackpack:iron_tier_upgrade":1,"minecraft:torch":1,"minecraft:iron_axe":2,"cgm:pistol":1,"artifacts:power_glove":1,"minecraft:cobbled_deepslate":25,"minecraft:tuff":1,"minecraft:stone_shovel":2,"minecraft:rotten_flesh":51,"minecraft:charcoal":1,"travelersbackpack:crafting_upgrade":1,"minecraft:stone_pickaxe":2,"cgm:heavy_rifle":2,"minecraft:wooden_pickaxe":1},"minecraft:custom":{"minecraft:interact_with_smithing_table":12,"minecraft:interact_with_anvil":1,"minecraft:mob_kills":125,"minecraft:animals_bred":3,"minecraft:interact_with_crafting_table":45,"minecraft:open_barrel":41,"minecraft:leave_game":6,"minecraft:time_since_death":262016,"minecraft:climb_one_cm":866,"minecraft:sprint_one_cm":1017243,"minecraft:walk_one_cm":600708,"minecraft:drop":32,"minecraft:play_time":270731,"minecraft:sneak_time":3347,"minecraft:deaths":2,"minecraft:walk_under_water_one_cm":7239,"minecraft:boat_one_cm":66132,"minecraft:jump":7894,"minecraft:interact_with_blast_furnace":39,"minecraft:walk_on_water_one_cm":31864,"minecraft:total_world_time":270731,"minecraft:interact_with_furnace":54,"tombstone:raider_killed":3,"minecraft:time_since_rest":261087,"minecraft:waystone_activated":2,"minecraft:damage_taken":3993,"minecraft:damage_dealt":22261,"minecraft:player_kills":3,"minecraft:swim_one_cm":87934,"minecraft:fly_one_cm":1011803,"minecraft:crouch_one_cm":7339,"minecraft:open_chest":93,"tombstone:undead_killed":75,"minecraft:fall_one_cm":120425}},"DataVersion":3465}