{"stats":{"minecraft:mined":{"botania:green_mystical_flower":1,"farmersdelight:wild_carrots":1,"minecraft:crafting_table":2,"minecraft:dark_oak_fence":8,"botania:yellow_double_flower":1,"biomesoplenty:bush":3,"minecraft:grass_block":1,"minecraft:jungle_log":12,"minecraft:sugar_cane":2,"botania:blue_double_flower":1,"minecraft:large_fern":1,"farmersdelight:wild_beetroots":1,"minecraft:hay_block":170,"farmersdelight:sandy_shrub":1,"botania:purple_mystical_flower":1,"biomesoplenty:mahogany_log":1,"minecraft:lilac":2,"minecraft:yellow_bed":1,"minecraft:grass":8,"botania:yellow_mystical_flower":2,"minecraft:vine":2,"minecraft:oak_leaves":9,"minecraft:fern":3},"minecraft:killed":{"alexsmobs:seal":1,"alexsmobs:seagull":1,"minecraft:pillager":2,"minecraft:cow":1},"minecraft:picked_up":{"minecraft:crafting_table":2,"cgm:basic_bullet":49,"minecraft:jungle_log":12,"minecraft:leather":2,"cgm:heavy_rifle":2,"minecraft:yellow_bed":1,"minecraft:string":1,"minecraft:dirt":1,"minecraft:wheat_seeds":1,"botania:purple_mystical_flower":1,"minecraft:beef":2,"minecraft:jungle_sapling":1,"minecraft:sugar_cane":4,"cgm:advanced_bullet":59,"botania:yellow_double_flower":1,"botania:yellow_mystical_flower":2,"minecraft:carrot":1,"cgm:pistol":2,"biomesoplenty:mahogany_log":1,"minecraft:beetroot_seeds":2,"minecraft:hay_block":169,"minecraft:crossbow":1,"minecraft:dark_oak_fence":6,"botania:blue_double_flower":1,"botania:green_mystical_flower":1,"minecraft:mutton":2,"minecraft:white_wool":1},"minecraft:crafted":{"minecraft:crafting_table":2,"minecraft:jungle_boat":1,"biomesoplenty:mahogany_planks":4,"minecraft:bread":33,"minecraft:jungle_planks":48,"minecraft:stick":4,"minecraft:wooden_axe":1,"minecraft:wheat":99},"minecraft:killed_by":{"minecraft:player":2},"minecraft:used":{"cgm:pistol":49,"minecraft:jungle_boat":1,"minecraft:golden_hoe":38,"minecraft:dirt":1,"minecraft:crafting_table":3,"minecraft:carrot":18,"minecraft:wooden_axe":25,"minecraft:bread":14,"alexsmobs:animal_dictionary":1,"cgm:heavy_rifle":4},"minecraft:dropped":{"cgm:pistol":1,"minecraft:wheat_seeds":1,"cgm:heavy_rifle":2},"minecraft:broken":{"minecraft:golden_hoe":1},"minecraft:custom":{"minecraft:mob_kills":5,"tombstone:raider_killed":2,"minecraft:interact_with_crafting_table":3,"minecraft:leave_game":1,"minecraft:time_since_death":29126,"minecraft:climb_one_cm":866,"minecraft:time_since_rest":28197,"minecraft:waystone_activated":1,"minecraft:sprint_one_cm":249754,"minecraft:walk_one_cm":81571,"minecraft:damage_taken":863,"minecraft:drop":4,"minecraft:damage_dealt":146,"minecraft:swim_one_cm":39657,"minecraft:fly_one_cm":211547,"minecraft:player_kills":3,"minecraft:open_chest":6,"minecraft:crouch_one_cm":153,"minecraft:play_time":37841,"minecraft:deaths":2,"minecraft:sneak_time":214,"minecraft:walk_under_water_one_cm":2454,"minecraft:boat_one_cm":60512,"minecraft:jump":2604,"minecraft:walk_on_water_one_cm":8489,"minecraft:total_world_time":37841,"minecraft:fall_one_cm":24542}},"DataVersion":3465}