{"stats":{"minecraft:mined":{"botania:green_mystical_flower":1,"minecraft:hay_block":77,"farmersdelight:wild_beetroots":1,"farmersdelight:sandy_shrub":1,"botania:purple_mystical_flower":1,"biomesoplenty:mahogany_log":1,"minecraft:crafting_table":2,"botania:yellow_double_flower":1,"minecraft:dark_oak_fence":8,"minecraft:grass":4,"minecraft:grass_block":1,"botania:yellow_mystical_flower":2,"minecraft:vine":2,"minecraft:jungle_log":12,"minecraft:sugar_cane":2,"botania:blue_double_flower":1,"minecraft:oak_leaves":6,"minecraft:fern":2},"minecraft:killed":{"minecraft:pillager":2,"alexsmobs:seal":1,"alexsmobs:seagull":1},"minecraft:picked_up":{"minecraft:crafting_table":2,"cgm:basic_bullet":49,"botania:yellow_double_flower":1,"minecraft:jungle_log":12,"botania:yellow_mystical_flower":2,"cgm:heavy_rifle":2,"minecraft:dirt":1,"minecraft:string":1,"cgm:pistol":2,"biomesoplenty:mahogany_log":1,"minecraft:beetroot_seeds":2,"minecraft:wheat_seeds":1,"botania:purple_mystical_flower":1,"minecraft:hay_block":76,"minecraft:crossbow":1,"minecraft:jungle_sapling":1,"botania:blue_double_flower":1,"botania:green_mystical_flower":1,"minecraft:sugar_cane":4,"minecraft:dark_oak_fence":6,"cgm:advanced_bullet":59},"minecraft:crafted":{"minecraft:crafting_table":2,"minecraft:stick":4,"minecraft:jungle_boat":1,"biomesoplenty:mahogany_planks":4,"minecraft:wooden_axe":1,"minecraft:bread":33,"minecraft:jungle_planks":48,"minecraft:wheat":99},"minecraft:killed_by":{"minecraft:player":2},"minecraft:used":{"minecraft:wooden_axe":22,"cgm:pistol":49,"minecraft:bread":7,"minecraft:jungle_boat":1,"minecraft:dirt":1,"minecraft:crafting_table":3,"minecraft:carrot":18,"alexsmobs:animal_dictionary":1,"cgm:heavy_rifle":4},"minecraft:dropped":{"cgm:pistol":1,"minecraft:wheat_seeds":1,"cgm:heavy_rifle":2},"minecraft:custom":{"minecraft:time_since_rest":16197,"minecraft:waystone_activated":1,"minecraft:damage_taken":823,"minecraft:sprint_one_cm":134597,"minecraft:walk_one_cm":57303,"minecraft:mob_kills":4,"minecraft:drop":4,"tombstone:raider_killed":2,"minecraft:damage_dealt":46,"minecraft:swim_one_cm":30644,"minecraft:interact_with_crafting_table":3,"minecraft:fly_one_cm":129280,"minecraft:player_kills":3,"minecraft:open_chest":5,"minecraft:crouch_one_cm":153,"minecraft:play_time":25841,"minecraft:deaths":2,"minecraft:sneak_time":113,"minecraft:walk_under_water_one_cm":2133,"minecraft:boat_one_cm":60512,"minecraft:jump":1437,"minecraft:leave_game":1,"minecraft:walk_on_water_one_cm":6186,"minecraft:time_since_death":17126,"minecraft:climb_one_cm":73,"minecraft:total_world_time":25841,"minecraft:fall_one_cm":13521}},"DataVersion":3465}