{"stats":{"minecraft:broken":{"minecraft:golden_hoe":1,"minecraft:golden_sword":1,"minecraft:stone_axe":1,"minecraft:wooden_axe":2},"minecraft:crafted":{"minecraft:oak_planks":152,"minecraft:stone_shovel":1,"biomesoplenty:mahogany_planks":4,"minecraft:furnace":1,"minecraft:cooked_mutton":8,"minecraft:glass":19,"travelersbackpack:white_sleeping_bag":1,"minecraft:stone_pickaxe":2,"minecraft:chest":2,"minecraft:wheat":99,"minecraft:cooked_beef":18,"biomesoplenty:jacaranda_planks":24,"minecraft:crafting_table":3,"minecraft:jungle_boat":1,"travelersbackpack:backpack_tank":2,"minecraft:wooden_pickaxe":1,"travelersbackpack:standard":1,"minecraft:copper_ingot":32,"minecraft:stone_axe":1,"minecraft:bread":33,"minecraft:air":0,"minecraft:jungle_planks":48,"minecraft:iron_chestplate":1,"minecraft:charcoal":9,"minecraft:stick":4,"minecraft:iron_ingot":31,"minecraft:iron_pickaxe":1,"minecraft:wooden_axe":2,"minecraft:gold_ingot":22,"minecraft:torch":72},"minecraft:mined":{"minecraft:tuff":10,"minecraft:deepslate_diamond_ore":1,"minecraft:candle":1,"farmersdelight:wild_carrots":1,"botania:red_mushroom":1,"minecraft:granite":18,"minecraft:dark_oak_fence":8,"biomesoplenty:bush":3,"minecraft:grass_block":6,"twilightforest:canopy_chest":1,"minecraft:jungle_log":21,"twilightforest:twilight_oak_chest":1,"minecraft:large_fern":1,"minecraft:hay_block":264,"botania:cyan_mushroom":1,"biomesoplenty:jacaranda_log":6,"minecraft:magma_block":1,"botania:purple_mystical_flower":1,"minecraft:iron_ore":40,"minecraft:barrel":2,"minecraft:fire":1,"biomesoplenty:lavender":2,"minecraft:andesite":10,"minecraft:anvil":1,"minecraft:gold_block":1,"minecraft:deepslate_iron_ore":20,"minecraft:vine":2,"minecraft:lantern":1,"minecraft:stone":79,"minecraft:smithing_table":2,"botania:green_mystical_flower":1,"botania:lime_mushroom":1,"minecraft:crafting_table":4,"minecraft:torch":3,"botania:yellow_double_flower":1,"minecraft:spruce_button":1,"minecraft:blast_furnace":2,"minecraft:tall_grass":4,"minecraft:copper_ore":32,"minecraft:deepslate_gold_ore":6,"minecraft:lapis_ore":10,"minecraft:sugar_cane":7,"botania:blue_double_flower":1,"minecraft:diorite":3,"minecraft:wall_torch":5,"minecraft:deepslate_copper_ore":2,"farmersdelight:wild_beetroots":1,"farmersdelight:sandy_shrub":1,"biomesoplenty:mahogany_log":1,"minecraft:lilac":2,"minecraft:yellow_bed":2,"botania:yellow_mystical_flower":2,"minecraft:grass":24,"biomesoplenty:clover":3,"minecraft:oak_log":65,"minecraft:coal_ore":2,"minecraft:sand":40,"minecraft:dirt":3,"minecraft:netherrack":4,"minecraft:gold_ore":2,"minecraft:deepslate":7,"minecraft:oak_leaves":11,"minecraft:fern":3},"minecraft:killed_by":{"minecraft:player":2},"minecraft:used":{"minecraft:flint_and_steel":1,"minecraft:stone_shovel":46,"minecraft:chest":1,"minecraft:torch":77,"minecraft:dirt":2,"minecraft:anvil":1,"minecraft:carrot":19,"minecraft:granite":10,"minecraft:jungle_sapling":2,"minecraft:wooden_axe":113,"minecraft:lantern":1,"minecraft:barrel":2,"biomesoplenty:jacaranda_sapling":1,"minecraft:golden_sword":16,"minecraft:bow":3,"minecraft:hay_block":2,"minecraft:oak_sapling":39,"minecraft:furnace":1,"minecraft:cooked_beef":4,"cgm:heavy_rifle":4,"minecraft:cooked_mutton":8,"minecraft:diorite":3,"cgm:pistol":65,"minecraft:stone_pickaxe":115,"minecraft:wooden_pickaxe":24,"minecraft:jungle_boat":1,"minecraft:golden_hoe":38,"minecraft:crafting_table":7,"minecraft:blast_furnace":2,"minecraft:bread":35,"minecraft:iron_pickaxe":137,"twilightforest:canopy_chest":1,"minecraft:stone_axe":87,"minecraft:cobblestone":1,"travelersbackpack:standard":4,"minecraft:dark_oak_fence":4,"minecraft:smithing_table":2,"minecraft:andesite":5,"minecraft:yellow_bed":2,"alexsmobs:animal_dictionary":1,"twilightforest:twilight_oak_chest":1},"minecraft:killed":{"alexsmobs:seagull":1,"minecraft:skeleton":5,"alexsmobs:bison":1,"artifacts:mimic":1,"alexsmobs:seal":1,"minecraft:creeper":2,"minecraft:sheep":4,"minecraft:pillager":2,"minecraft:zombie":4,"alexsmobs:fly":1,"minecraft:cow":6},"minecraft:picked_up":{"minecraft:crafting_table":4,"cgm:basic_bullet":49,"minecraft:anvil":1,"minecraft:smithing_table":2,"minecraft:gold_block":1,"biomesoplenty:jacaranda_sapling":1,"minecraft:string":1,"minecraft:raw_copper":119,"artifacts:power_glove":1,"minecraft:candle":4,"minecraft:cobbled_deepslate":7,"minecraft:beef":18,"minecraft:jungle_sapling":2,"minecraft:sugar_cane":17,"cgm:advanced_bullet":59,"minecraft:stick":34,"minecraft:raw_iron":59,"twilightforest:twilight_oak_chest":1,"botania:yellow_mystical_flower":2,"minecraft:torch":10,"minecraft:diorite":3,"minecraft:carrot":1,"minecraft:arrow":3,"minecraft:rotten_flesh":3,"minecraft:stone_shovel":1,"biomesoplenty:jacaranda_log":6,"minecraft:beetroot_seeds":2,"minecraft:hay_block":263,"botania:blue_double_flower":1,"botania:green_mystical_flower":1,"minecraft:mutton":8,"minecraft:white_wool":5,"minecraft:cobblestone":75,"botania:cyan_mushroom":1,"minecraft:magma_block":1,"minecraft:jungle_log":21,"minecraft:andesite":19,"minecraft:leather":5,"minecraft:tuff":10,"minecraft:oak_log":65,"cgm:heavy_rifle":2,"minecraft:yellow_bed":2,"minecraft:gunpowder":3,"botania:red_mushroom":1,"minecraft:lapis_lazuli":58,"minecraft:dirt":9,"minecraft:lantern":1,"minecraft:bone":5,"minecraft:apple":6,"minecraft:bow":2,"minecraft:wheat_seeds":4,"minecraft:raw_gold":8,"botania:purple_mystical_flower":1,"twilightforest:canopy_chest":1,"botania:yellow_double_flower":1,"minecraft:sand":40,"minecraft:blast_furnace":2,"botania:lime_mushroom":1,"minecraft:barrel":2,"minecraft:bundle":1,"cgm:pistol":2,"biomesoplenty:mahogany_log":1,"minecraft:diamond":1,"minecraft:crossbow":1,"minecraft:granite":17,"minecraft:spruce_button":1,"alexsmobs:maggot":2,"tombstone:magic_scroll":1,"minecraft:oak_sapling":39,"minecraft:netherrack":4,"minecraft:dark_oak_fence":6,"minecraft:coal":2},"minecraft:dropped":{"minecraft:wheat_seeds":3,"cgm:pistol":1,"minecraft:stone_shovel":1,"cgm:heavy_rifle":2},"minecraft:custom":{"minecraft:mob_kills":28,"minecraft:interact_with_crafting_table":24,"minecraft:open_barrel":11,"minecraft:leave_game":3,"minecraft:time_since_death":123247,"minecraft:climb_one_cm":866,"minecraft:sprint_one_cm":627585,"minecraft:walk_one_cm":279064,"minecraft:drop":7,"minecraft:play_time":131962,"minecraft:deaths":2,"minecraft:sneak_time":1983,"minecraft:walk_under_water_one_cm":4046,"minecraft:boat_one_cm":60512,"minecraft:jump":5954,"minecraft:interact_with_blast_furnace":12,"minecraft:walk_on_water_one_cm":17321,"minecraft:total_world_time":131962,"minecraft:interact_with_furnace":29,"tombstone:raider_killed":2,"minecraft:time_since_rest":122318,"minecraft:waystone_activated":2,"minecraft:damage_taken":1952,"minecraft:damage_dealt":3442,"minecraft:swim_one_cm":56379,"minecraft:player_kills":3,"minecraft:fly_one_cm":654203,"minecraft:open_chest":40,"minecraft:crouch_one_cm":4633,"tombstone:undead_killed":9,"minecraft:fall_one_cm":68541}},"DataVersion":3465}