{"stats":{"minecraft:broken":{"minecraft:golden_hoe":1,"minecraft:golden_sword":1,"minecraft:wooden_axe":1},"minecraft:crafted":{"minecraft:oak_planks":152,"minecraft:crafting_table":2,"minecraft:jungle_boat":1,"biomesoplenty:mahogany_planks":4,"minecraft:wooden_pickaxe":1,"minecraft:furnace":1,"minecraft:bread":33,"minecraft:jungle_planks":48,"minecraft:stick":4,"minecraft:wooden_axe":2,"minecraft:chest":1,"minecraft:wheat":99},"minecraft:mined":{"botania:green_mystical_flower":1,"farmersdelight:wild_carrots":1,"minecraft:crafting_table":4,"minecraft:dark_oak_fence":8,"botania:yellow_double_flower":1,"minecraft:spruce_button":1,"biomesoplenty:bush":3,"minecraft:grass_block":1,"minecraft:jungle_log":12,"minecraft:tall_grass":3,"minecraft:sugar_cane":7,"botania:blue_double_flower":1,"minecraft:large_fern":1,"minecraft:hay_block":262,"farmersdelight:wild_beetroots":1,"farmersdelight:sandy_shrub":1,"botania:purple_mystical_flower":1,"biomesoplenty:mahogany_log":1,"minecraft:fire":1,"biomesoplenty:lavender":2,"minecraft:lilac":2,"minecraft:yellow_bed":1,"minecraft:grass":17,"minecraft:oak_log":38,"biomesoplenty:clover":3,"botania:yellow_mystical_flower":2,"minecraft:vine":2,"minecraft:stone":24,"minecraft:oak_leaves":9,"minecraft:fern":3},"minecraft:killed_by":{"minecraft:player":2},"minecraft:used":{"minecraft:flint_and_steel":1,"cgm:pistol":60,"minecraft:chest":1,"minecraft:wooden_pickaxe":24,"minecraft:jungle_boat":1,"minecraft:golden_hoe":38,"minecraft:dirt":1,"minecraft:crafting_table":6,"minecraft:carrot":19,"minecraft:jungle_sapling":1,"minecraft:wooden_axe":76,"minecraft:bread":27,"minecraft:golden_sword":16,"minecraft:furnace":1,"minecraft:oak_sapling":26,"alexsmobs:animal_dictionary":1,"minecraft:yellow_bed":1,"cgm:heavy_rifle":4},"minecraft:killed":{"alexsmobs:seal":1,"alexsmobs:seagull":1,"minecraft:sheep":4,"minecraft:pillager":2,"alexsmobs:fly":1,"minecraft:cow":2},"minecraft:picked_up":{"minecraft:crafting_table":4,"cgm:basic_bullet":49,"minecraft:jungle_log":12,"minecraft:leather":2,"minecraft:oak_log":38,"cgm:heavy_rifle":2,"minecraft:yellow_bed":1,"minecraft:string":1,"minecraft:dirt":1,"minecraft:apple":4,"minecraft:wheat_seeds":3,"botania:purple_mystical_flower":1,"minecraft:beef":4,"minecraft:jungle_sapling":1,"minecraft:sugar_cane":17,"cgm:advanced_bullet":59,"minecraft:stick":21,"botania:yellow_double_flower":1,"botania:yellow_mystical_flower":2,"minecraft:carrot":1,"cgm:pistol":2,"biomesoplenty:mahogany_log":1,"minecraft:beetroot_seeds":2,"minecraft:hay_block":261,"minecraft:crossbow":1,"minecraft:spruce_button":1,"minecraft:cobblestone":24,"alexsmobs:maggot":2,"minecraft:oak_sapling":26,"minecraft:mutton":8,"botania:blue_double_flower":1,"botania:green_mystical_flower":1,"minecraft:dark_oak_fence":6,"minecraft:white_wool":5},"minecraft:dropped":{"cgm:pistol":1,"minecraft:wheat_seeds":3,"cgm:heavy_rifle":2},"minecraft:custom":{"minecraft:interact_with_furnace":1,"minecraft:mob_kills":11,"tombstone:raider_killed":2,"minecraft:interact_with_crafting_table":9,"minecraft:leave_game":2,"minecraft:time_since_death":56964,"minecraft:climb_one_cm":866,"minecraft:waystone_activated":2,"minecraft:time_since_rest":56035,"minecraft:sprint_one_cm":448528,"minecraft:damage_taken":1033,"minecraft:walk_one_cm":130519,"minecraft:drop":6,"minecraft:damage_dealt":246,"minecraft:swim_one_cm":55833,"minecraft:fly_one_cm":402741,"minecraft:player_kills":3,"minecraft:open_chest":9,"minecraft:crouch_one_cm":547,"minecraft:play_time":65679,"minecraft:deaths":2,"minecraft:sneak_time":419,"minecraft:walk_under_water_one_cm":3565,"minecraft:boat_one_cm":60512,"minecraft:jump":4661,"minecraft:walk_on_water_one_cm":13101,"minecraft:total_world_time":65679,"minecraft:fall_one_cm":43335}},"DataVersion":3465}