{"stats":{"minecraft:broken":{"minecraft:golden_sword":1,"minecraft:stone_axe":1,"minecraft:wooden_axe":2,"minecraft:golden_hoe":1,"minecraft:diamond_axe":1,"minecraft:iron_axe":6,"minecraft:iron_pickaxe":1},"minecraft:crafted":{"botania:green_petal":6,"minecraft:oak_planks":208,"travelersbackpack:crafting_upgrade":1,"travelersbackpack:hose_nozzle":1,"minecraft:cooked_mutton":8,"minecraft:green_dye":6,"minecraft:glass":34,"minecraft:iron_boots":1,"minecraft:chest":3,"minecraft:oak_fence":6,"travelersbackpack:iron_tier_upgrade":1,"biomesoplenty:jacaranda_planks":24,"minecraft:diamond_axe":1,"minecraft:crafting_table":4,"minecraft:jungle_boat":1,"minecraft:wooden_pickaxe":1,"travelersbackpack:standard":1,"minecraft:smithing_table":1,"minecraft:copper_ingot":32,"farmersdelight:wheat_dough":3,"minecraft:iron_chestplate":1,"minecraft:charcoal":73,"minecraft:stick":16,"minecraft:iron_pickaxe":1,"minecraft:iron_ingot":74,"minecraft:gold_ingot":26,"minecraft:shears":1,"minecraft:stone_shovel":1,"biomesoplenty:mahogany_planks":4,"minecraft:furnace":1,"travelersbackpack:blank_upgrade":4,"minecraft:glass_pane":16,"travelersbackpack:white_sleeping_bag":1,"minecraft:iron_axe":7,"minecraft:stone_pickaxe":2,"travelersbackpack:hose":1,"minecraft:wheat":225,"minecraft:cooked_beef":39,"biomesoplenty:redwood_door":3,"biomesoplenty:redwood_planks":256,"travelersbackpack:backpack_tank":4,"mcwfences:oak_picket_fence":3,"minecraft:iron_sword":1,"minecraft:bucket":1,"minecraft:stone_axe":1,"minecraft:bread":52,"minecraft:air":0,"minecraft:jungle_planks":56,"minecraft:oak_stairs":4,"minecraft:wooden_axe":2,"minecraft:iron_shovel":1,"minecraft:iron_leggings":1,"minecraft:torch":328},"minecraft:mined":{"botania:red_mystical_flower":4,"minecraft:carved_pumpkin":4,"minecraft:granite":18,"minecraft:grass_block":63,"minecraft:jungle_log":30,"twilightforest:twilight_oak_chest":2,"minecraft:oxeye_daisy":1,"botania:light_gray_mystical_flower":1,"minecraft:spawner":2,"botania:cyan_mushroom":1,"minecraft:magma_block":1,"botania:purple_mystical_flower":1,"botania:light_gray_mushroom":1,"minecraft:iron_ore":44,"minecraft:fire":1,"minecraft:barrel":2,"biomesoplenty:lavender":8,"biomesoplenty:redwood_fence":4,"minecraft:pumpkin":5,"mcwfences:oak_picket_fence":3,"minecraft:deepslate_lapis_ore":6,"minecraft:anvil":1,"biomesoplenty:redwood_door":2,"botania:green_mystical_flower":3,"minecraft:deepslate_redstone_ore":15,"minecraft:torch":7,"minecraft:blast_furnace":2,"minecraft:calcite":1,"minecraft:poppy":2,"botania:brown_mushroom":1,"minecraft:sugar_cane":7,"botania:light_gray_double_flower":1,"botania:blue_double_flower":1,"minecraft:wall_torch":16,"minecraft:deepslate_copper_ore":2,"minecraft:chain":8,"farmersdelight:sandy_shrub":1,"minecraft:birch_log":7,"minecraft:lilac":2,"minecraft:grass":58,"biomesoplenty:clover":3,"minecraft:oak_log":274,"minecraft:sand":40,"minecraft:dirt":22,"minecraft:smooth_basalt":1,"minecraft:netherrack":4,"minecraft:oak_leaves":25,"minecraft:deepslate":91,"minecraft:tuff":12,"minecraft:deepslate_diamond_ore":16,"minecraft:candle":1,"farmersdelight:wild_carrots":1,"minecraft:dark_oak_log":2062,"botania:red_mushroom":3,"minecraft:dark_oak_fence":8,"biomesoplenty:bush":3,"twilightforest:canopy_chest":1,"minecraft:large_fern":1,"minecraft:hay_block":264,"biomesoplenty:jacaranda_log":6,"minecraft:andesite":17,"minecraft:gold_block":1,"minecraft:deepslate_iron_ore":69,"minecraft:vine":2,"minecraft:lantern":1,"minecraft:stripped_oak_log":19,"minecraft:stone":80,"minecraft:smithing_table":2,"botania:lime_mystical_flower":1,"minecraft:glass_pane":3,"minecraft:stripped_dark_oak_log":3,"botania:lime_mushroom":1,"minecraft:dandelion":1,"minecraft:oak_fence":2,"minecraft:crafting_table":4,"minecraft:cornflower":1,"botania:yellow_double_flower":1,"minecraft:spruce_button":1,"botania:pink_mushroom":1,"minecraft:tall_grass":4,"minecraft:copper_ore":40,"minecraft:lapis_ore":10,"minecraft:deepslate_gold_ore":55,"minecraft:diorite":3,"farmersdelight:wild_beetroots":1,"biomesoplenty:mahogany_log":1,"minecraft:yellow_bed":2,"minecraft:coal_ore":2,"botania:yellow_mystical_flower":2,"botania:gray_mystical_flower":2,"biomesoplenty:stripped_redwood_wood":1,"minecraft:cobweb":29,"minecraft:gold_ore":2,"biomesoplenty:redwood_wood":244,"minecraft:fern":9},"minecraft:killed_by":{"minecraft:player":3},"minecraft:used":{"minecraft:chest":1,"minecraft:iron_sword":29,"biomesoplenty:redwood_fence":3,"minecraft:carrot":19,"minecraft:tuff":1,"minecraft:jungle_sapling":5,"minecraft:lantern":1,"biomesoplenty:jacaranda_sapling":1,"minecraft:golden_sword":16,"farmersdelight:wheat_dough":3,"minecraft:bow":14,"minecraft:hay_block":3,"minecraft:furnace":1,"minecraft:oak_sapling":70,"cgm:heavy_rifle":4,"minecraft:diorite":3,"minecraft:stone_pickaxe":130,"minecraft:wooden_pickaxe":24,"minecraft:diamond_axe":1600,"minecraft:jungle_boat":1,"minecraft:golden_hoe":38,"minecraft:blast_furnace":2,"minecraft:shears":3,"minecraft:dark_oak_log":80,"minecraft:bread":44,"minecraft:gravel":1,"minecraft:smithing_table":3,"minecraft:dark_oak_fence":4,"minecraft:andesite":12,"twilightforest:twilight_oak_chest":2,"minecraft:oak_fence":6,"mcwfences:oak_picket_fence":3,"biomesoplenty:redwood_door":2,"minecraft:flint_and_steel":1,"minecraft:carved_pumpkin":2,"minecraft:stone_shovel":126,"minecraft:torch":321,"minecraft:dirt":16,"minecraft:anvil":1,"minecraft:granite":10,"minecraft:wooden_axe":113,"minecraft:iron_axe":1454,"biomesoplenty:redwood_wood":1,"minecraft:oak_stairs":4,"minecraft:barrel":2,"travelersbackpack:sponge":5,"tombstone:gift":6,"minecraft:cooked_beef":35,"minecraft:cobbled_deepslate":20,"minecraft:pumpkin":5,"minecraft:iron_leggings":1,"minecraft:cooked_mutton":8,"cgm:pistol":65,"biomesoplenty:redwood_sapling":16,"minecraft:crafting_table":7,"tombstone:bag_of_seeds":2,"minecraft:oak_log":83,"minecraft:iron_pickaxe":380,"twilightforest:canopy_chest":1,"minecraft:stone_axe":87,"minecraft:cobblestone":11,"travelersbackpack:standard":8,"minecraft:bucket":8,"minecraft:glass_pane":16,"minecraft:yellow_bed":2,"alexsmobs:animal_dictionary":1,"minecraft:stripped_oak_log":1},"minecraft:killed":{"minecraft:cave_spider":1,"minecraft:witch":1,"minecraft:spider":10,"minecraft:skeleton":22,"artifacts:mimic":1,"minecraft:zombie_villager":2,"alexsmobs:seal":1,"minecraft:creeper":10,"minecraft:sheep":4,"minecraft:pillager":2,"minecraft:zombie":51,"alexsmobs:fly":1,"minecraft:cow":18,"alexsmobs:raccoon":2,"alexsmobs:seagull":1,"alexsmobs:bison":1},"minecraft:picked_up":{"cgm:basic_bullet":49,"minecraft:anvil":1,"minecraft:smithing_table":2,"biomesoplenty:stripped_redwood_wood":1,"minecraft:enchanted_book":1,"minecraft:potion":1,"minecraft:string":36,"minecraft:raw_copper":140,"botania:light_gray_double_flower":1,"minecraft:cobbled_deepslate":115,"alexsmobs:raccoon_tail":2,"biomesoplenty:redwood_wood":244,"cgm:advanced_bullet":59,"minecraft:stick":208,"minecraft:oak_fence":1,"minecraft:torch":30,"botania:yellow_mystical_flower":2,"travelersbackpack:iron_tier_upgrade":1,"minecraft:diorite":3,"tombstone:grave_dust":10,"minecraft:pointed_dripstone":1,"travelersbackpack:crafting_upgrade":1,"minecraft:rotten_flesh":59,"botania:light_gray_mystical_flower":1,"biomesoplenty:redwood_fence":3,"minecraft:carved_pumpkin":4,"botania:blue_double_flower":1,"minecraft:cobblestone":76,"minecraft:birch_log":6,"biomesoplenty:lavender":6,"botania:cyan_mushroom":2,"minecraft:magma_block":1,"minecraft:cooked_beef":4,"minecraft:jungle_log":37,"minecraft:andesite":26,"minecraft:potato":1,"mcwfences:oak_picket_fence":3,"biomesoplenty:redwood_door":2,"minecraft:tuff":12,"cgm:heavy_rifle":2,"minecraft:lapis_lazuli":97,"minecraft:dirt":84,"minecraft:lantern":1,"minecraft:bone":21,"minecraft:bow":4,"minecraft:wheat_seeds":10,"minecraft:raw_gold":57,"botania:purple_mystical_flower":1,"botania:gray_mystical_flower":2,"minecraft:oak_planks":3,"twilightforest:canopy_chest":1,"botania:red_mystical_flower":4,"botania:yellow_double_flower":1,"minecraft:sand":40,"minecraft:dark_oak_log":1974,"minecraft:barrel":2,"cgm:pistol":2,"minecraft:bundle":3,"minecraft:diamond":16,"minecraft:crossbow":1,"minecraft:granite":17,"minecraft:spruce_button":1,"alexsmobs:maggot":2,"minecraft:oak_sapling":112,"minecraft:netherrack":4,"minecraft:dark_oak_fence":6,"botania:brown_mushroom":1,"minecraft:charcoal":1,"minecraft:crafting_table":4,"minecraft:gold_block":1,"biomesoplenty:jacaranda_sapling":1,"minecraft:chain":7,"minecraft:cornflower":1,"minecraft:iron_axe":2,"artifacts:power_glove":2,"minecraft:candle":4,"minecraft:beef":44,"minecraft:jungle_sapling":5,"minecraft:poppy":2,"minecraft:sugar_cane":17,"minecraft:egg":5,"minecraft:dark_oak_sapling":172,"minecraft:raw_iron":110,"twilightforest:twilight_oak_chest":2,"botania:pink_mushroom":1,"minecraft:carrot":1,"minecraft:redstone":64,"travelersbackpack:sponge":2,"minecraft:stone_shovel":2,"minecraft:arrow":30,"botania:lime_mystical_flower":1,"biomesoplenty:jacaranda_log":6,"minecraft:beetroot_seeds":2,"minecraft:hay_block":263,"tombstone:essence_of_undeath":1,"biomesoplenty:redwood_sapling":16,"minecraft:mutton":8,"botania:green_mystical_flower":3,"minecraft:white_wool":5,"minecraft:oxeye_daisy":1,"minecraft:stripped_oak_log":19,"minecraft:leather":16,"botania:light_gray_mushroom":1,"minecraft:oak_log":273,"minecraft:yellow_bed":2,"minecraft:gunpowder":12,"botania:red_mushroom":3,"minecraft:apple":29,"minecraft:iron_ingot":2,"tombstone:bag_of_seeds":1,"minecraft:pumpkin":5,"minecraft:dandelion":1,"minecraft:gravel":1,"minecraft:blast_furnace":2,"botania:lime_mushroom":1,"minecraft:spider_eye":6,"biomesoplenty:mahogany_log":1,"minecraft:pumpkin_seeds":12,"tombstone:magic_scroll":1,"minecraft:stripped_dark_oak_log":3,"minecraft:coal":2},"minecraft:dropped":{"minecraft:cooked_beef":8,"minecraft:oak_log":1,"minecraft:jungle_planks":4,"travelersbackpack:iron_tier_upgrade":1,"minecraft:dirt":17,"biomesoplenty:stripped_redwood_wood":1,"minecraft:bone":5,"cgm:pistol":1,"artifacts:power_glove":1,"minecraft:cobbled_deepslate":88,"minecraft:pointed_dripstone":1,"minecraft:rotten_flesh":53,"minecraft:oak_planks":26,"mcwfences:oak_picket_fence":3,"travelersbackpack:sponge":1,"minecraft:charcoal":1,"minecraft:jungle_log":14,"cgm:heavy_rifle":2,"biomesoplenty:redwood_door":1,"minecraft:enchanted_book":1,"minecraft:wheat_seeds":5,"minecraft:oak_fence":1,"minecraft:cobblestone":47,"minecraft:stick":94,"minecraft:torch":1,"minecraft:iron_axe":2,"minecraft:string":26,"minecraft:tuff":1,"minecraft:stone_shovel":2,"biomesoplenty:redwood_planks":57,"travelersbackpack:crafting_upgrade":1,"minecraft:stone_pickaxe":2,"minecraft:wooden_pickaxe":1},"minecraft:custom":{"minecraft:animals_bred":3,"minecraft:interact_with_crafting_table":51,"minecraft:open_barrel":57,"minecraft:leave_game":7,"minecraft:time_since_death":53249,"minecraft:sprint_one_cm":1236712,"minecraft:drop":54,"minecraft:play_time":336574,"minecraft:deaths":3,"minecraft:jump":8755,"minecraft:walk_on_water_one_cm":32570,"minecraft:interact_with_furnace":57,"minecraft:waystone_activated":2,"minecraft:damage_dealt":22661,"minecraft:player_kills":3,"minecraft:crouch_one_cm":8296,"tombstone:undead_killed":75,"minecraft:interact_with_smithing_table":12,"minecraft:mob_kills":129,"minecraft:interact_with_anvil":1,"minecraft:climb_one_cm":866,"minecraft:walk_one_cm":728047,"minecraft:sneak_time":4017,"minecraft:walk_under_water_one_cm":7407,"minecraft:boat_one_cm":66132,"minecraft:interact_with_blast_furnace":43,"minecraft:total_world_time":336574,"tombstone:raider_killed":3,"minecraft:time_since_rest":53042,"minecraft:damage_taken":4581,"minecraft:swim_one_cm":90218,"minecraft:fly_one_cm":1170008,"minecraft:open_chest":108,"minecraft:fall_one_cm":143617}},"DataVersion":3465}